match_link,match_link/_text,match_link/_title,date_value,tournament_link,tournament_link/_text,tournament_link/_title,radiant_link,radiant_link/_text,radiant_link/_title,dire_link,dire_link/_text,dire_link/_title,winner_value,round_value,game_number,time_number,score_number
"http://www.datdota.com/match.php?q=2194260255","2194260255","","03/03/16","http://www.datdota.com/tournament.php?q=525&tournament=Shanghai%20Major%20Finals","Shanghai Major Finals","","http://www.datdota.com/team.php?q=1447&team=Fnatic.MY","Fnatic.MY","","http://www.datdota.com/team.php?q=1102&team=Nb","Nb","","RADIANT","","","29.88","18; -9"
"http://www.datdota.com/match.php?q=2193524509","2193524509","","03/02/16","http://www.datdota.com/tournament.php?q=525&tournament=Shanghai%20Major%20Finals","Shanghai Major Finals","","http://www.datdota.com/team.php?q=1447&team=Fnatic.MY","Fnatic.MY","","http://www.datdota.com/team.php?q=66&team=EG","EG","","DIRE","","","35.97","13; -44"
"http://www.datdota.com/match.php?q=2193441529","2193441529","","03/02/16","http://www.datdota.com/tournament.php?q=525&tournament=Shanghai%20Major%20Finals","Shanghai Major Finals","","http://www.datdota.com/team.php?q=1447&team=Fnatic.MY","Fnatic.MY","","http://www.datdota.com/team.php?q=66&team=EG","EG","","DIRE","","","36.73","7; -25"
"http://www.datdota.com/match.php?q=2180068537","2180068537","","02/26/16","http://www.datdota.com/tournament.php?q=525&tournament=Shanghai%20Major%20Finals","Shanghai Major Finals","","http://www.datdota.com/team.php?q=1447&team=Fnatic.MY","Fnatic.MY","","http://www.datdota.com/team.php?q=1959&team=TSpirit","TSpirit","","RADIANT","","","41.92","33; -21"
"http://www.datdota.com/match.php?q=2179855075","2179855075","","02/26/16","http://www.datdota.com/tournament.php?q=525&tournament=Shanghai%20Major%20Finals","Shanghai Major Finals","","http://www.datdota.com/team.php?q=1959&team=TSpirit","TSpirit","","http://www.datdota.com/team.php?q=1447&team=Fnatic.MY","Fnatic.MY","","DIRE","","","31.23","11; -25"
"http://www.datdota.com/match.php?q=2179624943","2179624943","","02/26/16","http://www.datdota.com/tournament.php?q=525&tournament=Shanghai%20Major%20Finals","Shanghai Major Finals","","http://www.datdota.com/team.php?q=1447&team=Fnatic.MY","Fnatic.MY","","http://www.datdota.com/team.php?q=1959&team=TSpirit","TSpirit","","DIRE","","","54.88","32; -44"
"http://www.datdota.com/match.php?q=2179423318","2179423318","","02/26/16","http://www.datdota.com/tournament.php?q=525&tournament=Shanghai%20Major%20Finals","Shanghai Major Finals","","http://www.datdota.com/team.php?q=1447&team=Fnatic.MY","Fnatic.MY","","http://www.datdota.com/team.php?q=376&team=Alliance","Alliance","","DIRE","","","50.4","17; -29"
"http://www.datdota.com/match.php?q=2179252492","2179252492","","02/26/16","http://www.datdota.com/tournament.php?q=525&tournament=Shanghai%20Major%20Finals","Shanghai Major Finals","","http://www.datdota.com/team.php?q=376&team=Alliance","Alliance","","http://www.datdota.com/team.php?q=1447&team=Fnatic.MY","Fnatic.MY","","RADIANT","","","60.57","33; -21"
"http://www.datdota.com/match.php?q=2178853523","2178853523","","02/25/16","http://www.datdota.com/tournament.php?q=525&tournament=Shanghai%20Major%20Finals","Shanghai Major Finals","","http://www.datdota.com/team.php?q=240&team=VG","VG","","http://www.datdota.com/team.php?q=1447&team=Fnatic.MY","Fnatic.MY","","DIRE","","","21.87","3; -16"
"http://www.datdota.com/match.php?q=2178782204","2178782204","","02/25/16","http://www.datdota.com/tournament.php?q=525&tournament=Shanghai%20Major%20Finals","Shanghai Major Finals","","http://www.datdota.com/team.php?q=240&team=VG","VG","","http://www.datdota.com/team.php?q=1447&team=Fnatic.MY","Fnatic.MY","","RADIANT","","","34.9","26; -11"
"http://www.datdota.com/match.php?q=2178692811","2178692811","","02/25/16","http://www.datdota.com/tournament.php?q=525&tournament=Shanghai%20Major%20Finals","Shanghai Major Finals","","http://www.datdota.com/team.php?q=240&team=VG","VG","","http://www.datdota.com/team.php?q=1447&team=Fnatic.MY","Fnatic.MY","","DIRE","","","50.8","18; -26"
"http://www.datdota.com/match.php?q=2077430052","2077430052","","01/14/16","http://www.datdota.com/tournament.php?q=495&tournament=StarSeries%20i-League%2013","StarSeries i-League 13","","http://www.datdota.com/team.php?q=66&team=EG","EG","","http://www.datdota.com/team.php?q=1447&team=Fnatic.MY","Fnatic.MY","","RADIANT","Group Stage","1","45.32","32; -24"
"http://www.datdota.com/match.php?q=2077320904","2077320904","","01/14/16","http://www.datdota.com/tournament.php?q=495&tournament=StarSeries%20i-League%2013","StarSeries i-League 13","","http://www.datdota.com/team.php?q=1447&team=Fnatic.MY","Fnatic.MY","","http://www.datdota.com/team.php?q=1959&team=TSpirit","TSpirit","","RADIANT","Group Stage","1","25.35","25; -11"
"http://www.datdota.com/match.php?q=2076097364","2076097364","","01/13/16","http://www.datdota.com/tournament.php?q=495&tournament=StarSeries%20i-League%2013","StarSeries i-League 13","","http://www.datdota.com/team.php?q=376&team=Alliance","Alliance","","http://www.datdota.com/team.php?q=1447&team=Fnatic.MY","Fnatic.MY","","RADIANT","Group Stage","1","23.87","22; -5"
"http://www.datdota.com/match.php?q=2075411351","2075411351","","01/13/16","http://www.datdota.com/tournament.php?q=495&tournament=StarSeries%20i-League%2013","StarSeries i-League 13","","http://www.datdota.com/team.php?q=1&team=NaVi","NaVi","","http://www.datdota.com/team.php?q=1447&team=Fnatic.MY","Fnatic.MY","","DIRE","Group Stage","1","57.17","35; -25"
"http://www.datdota.com/match.php?q=2075276894","2075276894","","01/13/16","http://www.datdota.com/tournament.php?q=495&tournament=StarSeries%20i-League%2013","StarSeries i-League 13","","http://www.datdota.com/team.php?q=14&team=LGD.cn","LGD.cn","","http://www.datdota.com/team.php?q=1447&team=Fnatic.MY","Fnatic.MY","","RADIANT","Group Stage","1","45.8","34; -27"
"http://www.datdota.com/match.php?q=2065589675","2065589675","","01/09/16","http://www.datdota.com/tournament.php?q=528&tournament=Shanghai%20Major%20SEA%20Qualifiers","Shanghai Major SEA Qualifiers","","http://www.datdota.com/team.php?q=1447&team=Fnatic.MY","Fnatic.MY","","http://www.datdota.com/team.php?q=917&team=MVP%20Phoenix","MVP Phoenix","","RADIANT","UB Finals","2","33.75","35; -13"
"http://www.datdota.com/match.php?q=2065482587","2065482587","","01/08/16","http://www.datdota.com/tournament.php?q=528&tournament=Shanghai%20Major%20SEA%20Qualifiers","Shanghai Major SEA Qualifiers","","http://www.datdota.com/team.php?q=917&team=MVP%20Phoenix","MVP Phoenix","","http://www.datdota.com/team.php?q=1447&team=Fnatic.MY","Fnatic.MY","","DIRE","UB Finals","1","32.27","14; -36"
"http://www.datdota.com/match.php?q=2065111781","2065111781","","01/08/16","http://www.datdota.com/tournament.php?q=528&tournament=Shanghai%20Major%20SEA%20Qualifiers","Shanghai Major SEA Qualifiers","","http://www.datdota.com/team.php?q=1447&team=Fnatic.MY","Fnatic.MY","","http://www.datdota.com/team.php?q=2940&team=Taring","Taring","","RADIANT","UB Semifinals","2","29.8","35; -17"
"http://www.datdota.com/match.php?q=2065030309","2065030309","","01/08/16","http://www.datdota.com/tournament.php?q=528&tournament=Shanghai%20Major%20SEA%20Qualifiers","Shanghai Major SEA Qualifiers","","http://www.datdota.com/team.php?q=2940&team=Taring","Taring","","http://www.datdota.com/team.php?q=1447&team=Fnatic.MY","Fnatic.MY","","DIRE","UB Semifinals","1","40.4","10; -26"
"http://www.datdota.com/match.php?q=2063373523","2063373523","","01/08/16","http://www.datdota.com/tournament.php?q=528&tournament=Shanghai%20Major%20SEA%20Qualifiers","Shanghai Major SEA Qualifiers","","http://www.datdota.com/team.php?q=1990&team=XctN%202","XctN 2","","http://www.datdota.com/team.php?q=1447&team=Fnatic.MY","Fnatic.MY","","DIRE","Group Stage","2","27.93","14; -39"
"http://www.datdota.com/match.php?q=2063281584","2063281584","","01/08/16","http://www.datdota.com/tournament.php?q=528&tournament=Shanghai%20Major%20SEA%20Qualifiers","Shanghai Major SEA Qualifiers","","http://www.datdota.com/team.php?q=1447&team=Fnatic.MY","Fnatic.MY","","http://www.datdota.com/team.php?q=1990&team=XctN%202","XctN 2","","RADIANT","Group Stage","1","26.93","40; -11"
"http://www.datdota.com/match.php?q=2063082521","2063082521","","01/08/16","http://www.datdota.com/tournament.php?q=528&tournament=Shanghai%20Major%20SEA%20Qualifiers","Shanghai Major SEA Qualifiers","","http://www.datdota.com/team.php?q=1447&team=Fnatic.MY","Fnatic.MY","","http://www.datdota.com/team.php?q=917&team=MVP%20Phoenix","MVP Phoenix","","DIRE","Group Stage","2","37.42","19; -37"
"http://www.datdota.com/match.php?q=2063000977","2063000977","","01/08/16","http://www.datdota.com/tournament.php?q=528&tournament=Shanghai%20Major%20SEA%20Qualifiers","Shanghai Major SEA Qualifiers","","http://www.datdota.com/team.php?q=1447&team=Fnatic.MY","Fnatic.MY","","http://www.datdota.com/team.php?q=917&team=MVP%20Phoenix","MVP Phoenix","","RADIANT","Group Stage","1","24.75","27; -3"
"http://www.datdota.com/match.php?q=2062684014","2062684014","","01/07/16","http://www.datdota.com/tournament.php?q=528&tournament=Shanghai%20Major%20SEA%20Qualifiers","Shanghai Major SEA Qualifiers","","http://www.datdota.com/team.php?q=2211&team=MskiX","MskiX","","http://www.datdota.com/team.php?q=1447&team=Fnatic.MY","Fnatic.MY","","DIRE","Group Stage","2","19.92","4; -14"
"http://www.datdota.com/match.php?q=2062614658","2062614658","","01/07/16","http://www.datdota.com/tournament.php?q=528&tournament=Shanghai%20Major%20SEA%20Qualifiers","Shanghai Major SEA Qualifiers","","http://www.datdota.com/team.php?q=1447&team=Fnatic.MY","Fnatic.MY","","http://www.datdota.com/team.php?q=2211&team=MskiX","MskiX","","DIRE","Group Stage","1","36.9","7; -26"
"http://www.datdota.com/match.php?q=2060482132","2060482132","","01/06/16","http://www.datdota.com/tournament.php?q=528&tournament=Shanghai%20Major%20SEA%20Qualifiers","Shanghai Major SEA Qualifiers","","http://www.datdota.com/team.php?q=7&team=SiG.Tr","SiG.Tr","","http://www.datdota.com/team.php?q=1447&team=Fnatic.MY","Fnatic.MY","","DIRE","Group Stage","2","40.1","25; -42"
"http://www.datdota.com/match.php?q=2060423372","2060423372","","01/06/16","http://www.datdota.com/tournament.php?q=528&tournament=Shanghai%20Major%20SEA%20Qualifiers","Shanghai Major SEA Qualifiers","","http://www.datdota.com/team.php?q=1447&team=Fnatic.MY","Fnatic.MY","","http://www.datdota.com/team.php?q=7&team=SiG.Tr","SiG.Tr","","RADIANT","Group Stage","1","20.68","34; -9"
"http://www.datdota.com/match.php?q=2010914863","2010914863","","12/18/15","http://www.datdota.com/tournament.php?q=467&tournament=WCA%202015","WCA 2015","","http://www.datdota.com/team.php?q=1447&team=Fnatic.MY","Fnatic.MY","","http://www.datdota.com/team.php?q=1427&team=Wings","Wings","","DIRE","Group Stage","2","55.85","24; -16"
"http://www.datdota.com/match.php?q=2010788382","2010788382","","12/18/15","http://www.datdota.com/tournament.php?q=467&tournament=WCA%202015","WCA 2015","","http://www.datdota.com/team.php?q=1447&team=Fnatic.MY","Fnatic.MY","","http://www.datdota.com/team.php?q=1427&team=Wings","Wings","","RADIANT","Group Stage","1","42.7","44; -24"
"http://www.datdota.com/match.php?q=2010646054","2010646054","","12/17/15","http://www.datdota.com/tournament.php?q=467&tournament=WCA%202015","WCA 2015","","http://www.datdota.com/team.php?q=1447&team=Fnatic.MY","Fnatic.MY","","http://www.datdota.com/team.php?q=1409&team=Secret","Secret","","DIRE","Group Stage","2","25.48","12; -23"
"http://www.datdota.com/match.php?q=2010559717","2010559717","","12/17/15","http://www.datdota.com/tournament.php?q=467&tournament=WCA%202015","WCA 2015","","http://www.datdota.com/team.php?q=1409&team=Secret","Secret","","http://www.datdota.com/team.php?q=1447&team=Fnatic.MY","Fnatic.MY","","RADIANT","Group Stage","1","29.77","23; -13"
"http://www.datdota.com/match.php?q=2010377513","2010377513","","12/17/15","http://www.datdota.com/tournament.php?q=467&tournament=WCA%202015","WCA 2015","","http://www.datdota.com/team.php?q=29&team=Empire","Empire","","http://www.datdota.com/team.php?q=1447&team=Fnatic.MY","Fnatic.MY","","DIRE","Group Stage","2","59.97","42; -55"
"http://www.datdota.com/match.php?q=2010320832","2010320832","","12/17/15","http://www.datdota.com/tournament.php?q=467&tournament=WCA%202015","WCA 2015","","http://www.datdota.com/team.php?q=29&team=Empire","Empire","","http://www.datdota.com/team.php?q=1447&team=Fnatic.MY","Fnatic.MY","","RADIANT","Group Stage","1","26.68","26; -8"
"http://www.datdota.com/match.php?q=1992598958","1992598958","","12/10/15","http://www.datdota.com/tournament.php?q=510&tournament=StarSeries%2013%20SEA%20Qualifiers","StarSeries 13 SEA Qualifiers","","http://www.datdota.com/team.php?q=1886&team=123","123","","http://www.datdota.com/team.php?q=1447&team=Fnatic.MY","Fnatic.MY","","DIRE","Finals","2","35.73","7; -19"
"http://www.datdota.com/match.php?q=1992443724","1992443724","","12/10/15","http://www.datdota.com/tournament.php?q=510&tournament=StarSeries%2013%20SEA%20Qualifiers","StarSeries 13 SEA Qualifiers","","http://www.datdota.com/team.php?q=1447&team=Fnatic.MY","Fnatic.MY","","http://www.datdota.com/team.php?q=1886&team=123","123","","RADIANT","Finals","1","41.58","34; -25"
"http://www.datdota.com/match.php?q=1990065860","1990065860","","12/09/15","http://www.datdota.com/tournament.php?q=510&tournament=StarSeries%2013%20SEA%20Qualifiers","StarSeries 13 SEA Qualifiers","","http://www.datdota.com/team.php?q=1447&team=Fnatic.MY","Fnatic.MY","","http://www.datdota.com/team.php?q=1746&team=TNC","TNC","","RADIANT","UB Finals","2","33.02","30; -12"
"http://www.datdota.com/match.php?q=1990008281","1990008281","","12/09/15","http://www.datdota.com/tournament.php?q=510&tournament=StarSeries%2013%20SEA%20Qualifiers","StarSeries 13 SEA Qualifiers","","http://www.datdota.com/team.php?q=1746&team=TNC","TNC","","http://www.datdota.com/team.php?q=1447&team=Fnatic.MY","Fnatic.MY","","DIRE","UB Finals","1","19.78","5; -26"
"http://www.datdota.com/match.php?q=1988394590","1988394590","","12/08/15","http://www.datdota.com/tournament.php?q=510&tournament=StarSeries%2013%20SEA%20Qualifiers","StarSeries 13 SEA Qualifiers","","http://www.datdota.com/team.php?q=1447&team=Fnatic.MY","Fnatic.MY","","http://www.datdota.com/team.php?q=192&team=First%20Departure","First Departure","","RADIANT","UB Semifinals","3","35.83","40; -12"
"http://www.datdota.com/match.php?q=1988257358","1988257358","","12/08/15","http://www.datdota.com/tournament.php?q=510&tournament=StarSeries%2013%20SEA%20Qualifiers","StarSeries 13 SEA Qualifiers","","http://www.datdota.com/team.php?q=192&team=First%20Departure","First Departure","","http://www.datdota.com/team.php?q=1447&team=Fnatic.MY","Fnatic.MY","","DIRE","UB Semifinals","2","39.45","16; -32"
"http://www.datdota.com/match.php?q=1988165729","1988165729","","12/08/15","http://www.datdota.com/tournament.php?q=510&tournament=StarSeries%2013%20SEA%20Qualifiers","StarSeries 13 SEA Qualifiers","","http://www.datdota.com/team.php?q=1447&team=Fnatic.MY","Fnatic.MY","","http://www.datdota.com/team.php?q=192&team=First%20Departure","First Departure","","DIRE","UB Semifinals","1","15.08","5; -18"
"http://www.datdota.com/match.php?q=1987953814","1987953814","","12/08/15","http://www.datdota.com/tournament.php?q=516&tournament=Dota%20Pit%20League%20Season%204","Dota Pit League Season 4","","http://www.datdota.com/team.php?q=917&team=MVP%20Phoenix","MVP Phoenix","","http://www.datdota.com/team.php?q=1447&team=Fnatic.MY","Fnatic.MY","","RADIANT","","","27.03","29; -17"
"http://www.datdota.com/match.php?q=1987847612","1987847612","","12/08/15","http://www.datdota.com/tournament.php?q=516&tournament=Dota%20Pit%20League%20Season%204","Dota Pit League Season 4","","http://www.datdota.com/team.php?q=1447&team=Fnatic.MY","Fnatic.MY","","http://www.datdota.com/team.php?q=917&team=MVP%20Phoenix","MVP Phoenix","","DIRE","","","35.93","19; -46"
"http://www.datdota.com/match.php?q=1978665269","1978665269","","12/04/15","http://www.datdota.com/tournament.php?q=516&tournament=Dota%20Pit%20League%20Season%204","Dota Pit League Season 4","","http://www.datdota.com/team.php?q=7&team=SiG.Tr","SiG.Tr","","http://www.datdota.com/team.php?q=1447&team=Fnatic.MY","Fnatic.MY","","DIRE","","","39.4","29; -45"
"http://www.datdota.com/match.php?q=1978524377","1978524377","","12/04/15","http://www.datdota.com/tournament.php?q=516&tournament=Dota%20Pit%20League%20Season%204","Dota Pit League Season 4","","http://www.datdota.com/team.php?q=1447&team=Fnatic.MY","Fnatic.MY","","http://www.datdota.com/team.php?q=7&team=SiG.Tr","SiG.Tr","","DIRE","","","37.05","18; -27"
"http://www.datdota.com/match.php?q=1976212191","1976212191","","12/03/15","http://www.datdota.com/tournament.php?q=516&tournament=Dota%20Pit%20League%20Season%204","Dota Pit League Season 4","","http://www.datdota.com/team.php?q=1447&team=Fnatic.MY","Fnatic.MY","","http://www.datdota.com/team.php?q=105&team=Mineski","Mineski","","DIRE","","","69.45","43; -52"
"http://www.datdota.com/match.php?q=1976132158","1976132158","","12/03/15","http://www.datdota.com/tournament.php?q=516&tournament=Dota%20Pit%20League%20Season%204","Dota Pit League Season 4","","http://www.datdota.com/team.php?q=105&team=Mineski","Mineski","","http://www.datdota.com/team.php?q=1447&team=Fnatic.MY","Fnatic.MY","","DIRE","","","26.95","13; -35"
"http://www.datdota.com/match.php?q=1974509830","1974509830","","12/02/15","http://www.datdota.com/tournament.php?q=516&tournament=Dota%20Pit%20League%20Season%204","Dota Pit League Season 4","","http://www.datdota.com/team.php?q=192&team=First%20Departure","First Departure","","http://www.datdota.com/team.php?q=1447&team=Fnatic.MY","Fnatic.MY","","DIRE","","","40.32","31; -51"
"http://www.datdota.com/match.php?q=1974383177","1974383177","","12/02/15","http://www.datdota.com/tournament.php?q=516&tournament=Dota%20Pit%20League%20Season%204","Dota Pit League Season 4","","http://www.datdota.com/team.php?q=1447&team=Fnatic.MY","Fnatic.MY","","http://www.datdota.com/team.php?q=192&team=First%20Departure","First Departure","","RADIANT","","","34.15","42; -12"
"http://www.datdota.com/match.php?q=1940220599","1940220599","","11/16/15","http://www.datdota.com/tournament.php?q=501&tournament=Frankfurt%20Major%202015","Frankfurt Major 2015","","http://www.datdota.com/team.php?q=1447&team=Fnatic.MY","Fnatic.MY","","http://www.datdota.com/team.php?q=1900&team=OG","OG","","DIRE","LB Round of 32","1","36.4","11; -30"
"http://www.datdota.com/match.php?q=1933313553","1933313553","","11/13/15","http://www.datdota.com/tournament.php?q=501&tournament=Frankfurt%20Major%202015","Frankfurt Major 2015","","http://www.datdota.com/team.php?q=1447&team=Fnatic.MY","Fnatic.MY","","http://www.datdota.com/team.php?q=1102&team=Nb","Nb","","DIRE","Group Stage","2","45.95","18; -31"
"http://www.datdota.com/match.php?q=1933221699","1933221699","","11/13/15","http://www.datdota.com/tournament.php?q=501&tournament=Frankfurt%20Major%202015","Frankfurt Major 2015","","http://www.datdota.com/team.php?q=1102&team=Nb","Nb","","http://www.datdota.com/team.php?q=1447&team=Fnatic.MY","Fnatic.MY","","RADIANT","Group Stage","1","29.42","32; -5"
"http://www.datdota.com/match.php?q=1932637212","1932637212","","11/13/15","http://www.datdota.com/tournament.php?q=501&tournament=Frankfurt%20Major%202015","Frankfurt Major 2015","","http://www.datdota.com/team.php?q=1447&team=Fnatic.MY","Fnatic.MY","","http://www.datdota.com/team.php?q=66&team=EG","EG","","DIRE","Group Stage","3","30.32","7; -34"
"http://www.datdota.com/match.php?q=1932536887","1932536887","","11/13/15","http://www.datdota.com/tournament.php?q=501&tournament=Frankfurt%20Major%202015","Frankfurt Major 2015","","http://www.datdota.com/team.php?q=66&team=EG","EG","","http://www.datdota.com/team.php?q=1447&team=Fnatic.MY","Fnatic.MY","","RADIANT","Group Stage","2","37.13","23; -12"
"http://www.datdota.com/match.php?q=1932432373","1932432373","","11/13/15","http://www.datdota.com/tournament.php?q=501&tournament=Frankfurt%20Major%202015","Frankfurt Major 2015","","http://www.datdota.com/team.php?q=1447&team=Fnatic.MY","Fnatic.MY","","http://www.datdota.com/team.php?q=66&team=EG","EG","","RADIANT","Group Stage","1","50.05","14; -18"
"http://www.datdota.com/match.php?q=1911763339","1911763339","","11/03/15","http://www.datdota.com/tournament.php?q=499&tournament=The%20Summit%204%20SEA%20Qualifiers","The Summit 4 SEA Qualifiers","","http://www.datdota.com/team.php?q=105&team=Mineski","Mineski","","http://www.datdota.com/team.php?q=1447&team=Fnatic.MY","Fnatic.MY","","RADIANT","Finals","5","38.6","27; -17"
"http://www.datdota.com/match.php?q=1911583755","1911583755","","11/03/15","http://www.datdota.com/tournament.php?q=499&tournament=The%20Summit%204%20SEA%20Qualifiers","The Summit 4 SEA Qualifiers","","http://www.datdota.com/team.php?q=105&team=Mineski","Mineski","","http://www.datdota.com/team.php?q=1447&team=Fnatic.MY","Fnatic.MY","","RADIANT","Finals","4","47.2","43; -25"
"http://www.datdota.com/match.php?q=1911457811","1911457811","","11/03/15","http://www.datdota.com/tournament.php?q=499&tournament=The%20Summit%204%20SEA%20Qualifiers","The Summit 4 SEA Qualifiers","","http://www.datdota.com/team.php?q=105&team=Mineski","Mineski","","http://www.datdota.com/team.php?q=1447&team=Fnatic.MY","Fnatic.MY","","DIRE","Finals","3","29.18","7; -21"
"http://www.datdota.com/match.php?q=1911352385","1911352385","","11/03/15","http://www.datdota.com/tournament.php?q=499&tournament=The%20Summit%204%20SEA%20Qualifiers","The Summit 4 SEA Qualifiers","","http://www.datdota.com/team.php?q=1447&team=Fnatic.MY","Fnatic.MY","","http://www.datdota.com/team.php?q=105&team=Mineski","Mineski","","DIRE","Finals","2","28.37","20; -25"
"http://www.datdota.com/match.php?q=1911214336","1911214336","","11/03/15","http://www.datdota.com/tournament.php?q=499&tournament=The%20Summit%204%20SEA%20Qualifiers","The Summit 4 SEA Qualifiers","","http://www.datdota.com/team.php?q=105&team=Mineski","Mineski","","http://www.datdota.com/team.php?q=1447&team=Fnatic.MY","Fnatic.MY","","DIRE","Finals","1","46.02","16; -45"
"http://www.datdota.com/match.php?q=1895253208","1895253208","","10/26/15","http://www.datdota.com/tournament.php?q=481&tournament=NanYang%20Championships","NanYang Championships","","http://www.datdota.com/team.php?q=1447&team=Fnatic.MY","Fnatic.MY","","http://www.datdota.com/team.php?q=1896&team=DC","DC","","DIRE","Group Stage","2","55.22","23; -40"
"http://www.datdota.com/match.php?q=1895168071","1895168071","","10/26/15","http://www.datdota.com/tournament.php?q=481&tournament=NanYang%20Championships","NanYang Championships","","http://www.datdota.com/team.php?q=1896&team=DC","DC","","http://www.datdota.com/team.php?q=1447&team=Fnatic.MY","Fnatic.MY","","RADIANT","Group Stage","1","44.18","32; -22"
"http://www.datdota.com/match.php?q=1894030092","1894030092","","10/26/15","http://www.datdota.com/tournament.php?q=481&tournament=NanYang%20Championships","NanYang Championships","","http://www.datdota.com/team.php?q=1409&team=Secret","Secret","","http://www.datdota.com/team.php?q=1447&team=Fnatic.MY","Fnatic.MY","","DIRE","Group Stage","2","40.7","20; -35"
"http://www.datdota.com/match.php?q=1893865729","1893865729","","10/26/15","http://www.datdota.com/tournament.php?q=481&tournament=NanYang%20Championships","NanYang Championships","","http://www.datdota.com/team.php?q=1447&team=Fnatic.MY","Fnatic.MY","","http://www.datdota.com/team.php?q=1409&team=Secret","Secret","","DIRE","Group Stage","1","38.85","13; -29"
"http://www.datdota.com/match.php?q=1893697517","1893697517","","10/26/15","http://www.datdota.com/tournament.php?q=481&tournament=NanYang%20Championships","NanYang Championships","","http://www.datdota.com/team.php?q=14&team=LGD.cn","LGD.cn","","http://www.datdota.com/team.php?q=1447&team=Fnatic.MY","Fnatic.MY","","RADIANT","Group Stage","2","31.47","31; -10"
"http://www.datdota.com/match.php?q=1893569389","1893569389","","10/26/15","http://www.datdota.com/tournament.php?q=481&tournament=NanYang%20Championships","NanYang Championships","","http://www.datdota.com/team.php?q=1447&team=Fnatic.MY","Fnatic.MY","","http://www.datdota.com/team.php?q=14&team=LGD.cn","LGD.cn","","RADIANT","Group Stage","1","45.2","36; -17"
"http://www.datdota.com/match.php?q=1893213280","1893213280","","10/25/15","http://www.datdota.com/tournament.php?q=481&tournament=NanYang%20Championships","NanYang Championships","","http://www.datdota.com/team.php?q=2&team=EHOME","EHOME","","http://www.datdota.com/team.php?q=1447&team=Fnatic.MY","Fnatic.MY","","RADIANT","Group Stage","2","39.75","22; -15"
"http://www.datdota.com/match.php?q=1893119991","1893119991","","10/25/15","http://www.datdota.com/tournament.php?q=481&tournament=NanYang%20Championships","NanYang Championships","","http://www.datdota.com/team.php?q=1447&team=Fnatic.MY","Fnatic.MY","","http://www.datdota.com/team.php?q=2&team=EHOME","EHOME","","DIRE","Group Stage","1","38.8","11; -30"
"http://www.datdota.com/match.php?q=1886248456","1886248456","","10/23/15","http://www.datdota.com/tournament.php?q=499&tournament=The%20Summit%204%20SEA%20Qualifiers","The Summit 4 SEA Qualifiers","","http://www.datdota.com/team.php?q=1447&team=Fnatic.MY","Fnatic.MY","","http://www.datdota.com/team.php?q=105&team=Mineski","Mineski","","RADIANT","UB Finals","2","68.17","31; -33"
"http://www.datdota.com/match.php?q=1886116987","1886116987","","10/23/15","http://www.datdota.com/tournament.php?q=499&tournament=The%20Summit%204%20SEA%20Qualifiers","The Summit 4 SEA Qualifiers","","http://www.datdota.com/team.php?q=105&team=Mineski","Mineski","","http://www.datdota.com/team.php?q=1447&team=Fnatic.MY","Fnatic.MY","","DIRE","UB Finals","1","36.5","18; -23"
"http://www.datdota.com/match.php?q=1885596181","1885596181","","10/22/15","http://www.datdota.com/tournament.php?q=510&tournament=StarSeries%2013%20SEA%20Qualifiers","StarSeries 13 SEA Qualifiers","","http://www.datdota.com/team.php?q=1103&team=iDeal%202","iDeal 2","","http://www.datdota.com/team.php?q=1447&team=Fnatic.MY","Fnatic.MY","","DIRE","Group Stage","2","25.53","8; -26"
"http://www.datdota.com/match.php?q=1885547718","1885547718","","10/22/15","http://www.datdota.com/tournament.php?q=510&tournament=StarSeries%2013%20SEA%20Qualifiers","StarSeries 13 SEA Qualifiers","","http://www.datdota.com/team.php?q=1447&team=Fnatic.MY","Fnatic.MY","","http://www.datdota.com/team.php?q=1103&team=iDeal%202","iDeal 2","","RADIANT","Group Stage","1","15.53","12; 0"
"http://www.datdota.com/match.php?q=1883792064","1883792064","","10/22/15","http://www.datdota.com/tournament.php?q=510&tournament=StarSeries%2013%20SEA%20Qualifiers","StarSeries 13 SEA Qualifiers","","http://www.datdota.com/team.php?q=7&team=SiG.Tr","SiG.Tr","","http://www.datdota.com/team.php?q=1447&team=Fnatic.MY","Fnatic.MY","","DIRE","Group Stage","2","40.33","10; -29"
"http://www.datdota.com/match.php?q=1883678178","1883678178","","10/22/15","http://www.datdota.com/tournament.php?q=510&tournament=StarSeries%2013%20SEA%20Qualifiers","StarSeries 13 SEA Qualifiers","","http://www.datdota.com/team.php?q=1447&team=Fnatic.MY","Fnatic.MY","","http://www.datdota.com/team.php?q=7&team=SiG.Tr","SiG.Tr","","RADIANT","Group Stage","1","39.98","44; -20"
"http://www.datdota.com/match.php?q=1880378164","1880378164","","10/20/15","http://www.datdota.com/tournament.php?q=499&tournament=The%20Summit%204%20SEA%20Qualifiers","The Summit 4 SEA Qualifiers","","http://www.datdota.com/team.php?q=1447&team=Fnatic.MY","Fnatic.MY","","http://www.datdota.com/team.php?q=1886&team=123","123","","RADIANT","UB Semifinals","3","35.77","37; -18"
"http://www.datdota.com/match.php?q=1880219929","1880219929","","10/20/15","http://www.datdota.com/tournament.php?q=499&tournament=The%20Summit%204%20SEA%20Qualifiers","The Summit 4 SEA Qualifiers","","http://www.datdota.com/team.php?q=1447&team=Fnatic.MY","Fnatic.MY","","http://www.datdota.com/team.php?q=1886&team=123","123","","RADIANT","UB Semifinals","2","32.48","35; -11"
"http://www.datdota.com/match.php?q=1880043777","1880043777","","10/20/15","http://www.datdota.com/tournament.php?q=499&tournament=The%20Summit%204%20SEA%20Qualifiers","The Summit 4 SEA Qualifiers","","http://www.datdota.com/team.php?q=1447&team=Fnatic.MY","Fnatic.MY","","http://www.datdota.com/team.php?q=1886&team=123","123","","DIRE","UB Semifinals","1","38.82","26; -27"
"http://www.datdota.com/match.php?q=1865716131","1865716131","","10/14/15","http://www.datdota.com/tournament.php?q=499&tournament=The%20Summit%204%20SEA%20Qualifiers","The Summit 4 SEA Qualifiers","","http://www.datdota.com/team.php?q=1024&team=Kingdom","Kingdom","","http://www.datdota.com/team.php?q=1447&team=Fnatic.MY","Fnatic.MY","","DIRE","UB Quarterfinals","2","45.32","30; -30"
"http://www.datdota.com/match.php?q=1865588772","1865588772","","10/14/15","http://www.datdota.com/tournament.php?q=499&tournament=The%20Summit%204%20SEA%20Qualifiers","The Summit 4 SEA Qualifiers","","http://www.datdota.com/team.php?q=1024&team=Kingdom","Kingdom","","http://www.datdota.com/team.php?q=1447&team=Fnatic.MY","Fnatic.MY","","DIRE","UB Quarterfinals","1","51.3","35; -37"
"http://www.datdota.com/match.php?q=1863886354","1863886354","","10/13/15","http://www.datdota.com/tournament.php?q=505&tournament=FrankFurt%20Major%20SEA%20Qualifiers%202015","FrankFurt Major SEA Qualifiers 2015","","http://www.datdota.com/team.php?q=1447&team=Fnatic.MY","Fnatic.MY","","http://www.datdota.com/team.php?q=1886&team=123","123","","RADIANT","UB Finals","2","32.47","31; -10"
"http://www.datdota.com/match.php?q=1863699244","1863699244","","10/13/15","http://www.datdota.com/tournament.php?q=505&tournament=FrankFurt%20Major%20SEA%20Qualifiers%202015","FrankFurt Major SEA Qualifiers 2015","","http://www.datdota.com/team.php?q=1886&team=123","123","","http://www.datdota.com/team.php?q=1447&team=Fnatic.MY","Fnatic.MY","","DIRE","UB Finals","1","57.73","27; -25"
"http://www.datdota.com/match.php?q=1863591748","1863591748","","10/13/15","http://www.datdota.com/tournament.php?q=505&tournament=FrankFurt%20Major%20SEA%20Qualifiers%202015","FrankFurt Major SEA Qualifiers 2015","","http://www.datdota.com/team.php?q=105&team=Mineski","Mineski","","http://www.datdota.com/team.php?q=1447&team=Fnatic.MY","Fnatic.MY","","RADIANT","UB Finals","3","21.47","25; -10"
"http://www.datdota.com/match.php?q=1863513350","1863513350","","10/13/15","http://www.datdota.com/tournament.php?q=505&tournament=FrankFurt%20Major%20SEA%20Qualifiers%202015","FrankFurt Major SEA Qualifiers 2015","","http://www.datdota.com/team.php?q=105&team=Mineski","Mineski","","http://www.datdota.com/team.php?q=1447&team=Fnatic.MY","Fnatic.MY","","DIRE","UB Finals","2","25.67","8; -33"
"http://www.datdota.com/match.php?q=1863393188","1863393188","","10/13/15","http://www.datdota.com/tournament.php?q=505&tournament=FrankFurt%20Major%20SEA%20Qualifiers%202015","FrankFurt Major SEA Qualifiers 2015","","http://www.datdota.com/team.php?q=1447&team=Fnatic.MY","Fnatic.MY","","http://www.datdota.com/team.php?q=105&team=Mineski","Mineski","","DIRE","UB Finals","1","44.07","16; -41"
"http://www.datdota.com/match.php?q=1861422181","1861422181","","10/12/15","http://www.datdota.com/tournament.php?q=505&tournament=FrankFurt%20Major%20SEA%20Qualifiers%202015","FrankFurt Major SEA Qualifiers 2015","","http://www.datdota.com/team.php?q=7&team=SiG.Tr","SiG.Tr","","http://www.datdota.com/team.php?q=1447&team=Fnatic.MY","Fnatic.MY","","DIRE","UB Semifinals","2","26.35","9; -31"
"http://www.datdota.com/match.php?q=1861314143","1861314143","","10/12/15","http://www.datdota.com/tournament.php?q=505&tournament=FrankFurt%20Major%20SEA%20Qualifiers%202015","FrankFurt Major SEA Qualifiers 2015","","http://www.datdota.com/team.php?q=1447&team=Fnatic.MY","Fnatic.MY","","http://www.datdota.com/team.php?q=7&team=SiG.Tr","SiG.Tr","","RADIANT","UB Semifinals","1","42.08","20; -21"
"http://www.datdota.com/match.php?q=1858731320","1858731320","","10/11/15","http://www.datdota.com/tournament.php?q=505&tournament=FrankFurt%20Major%20SEA%20Qualifiers%202015","FrankFurt Major SEA Qualifiers 2015","","http://www.datdota.com/team.php?q=1919&team=4H","4H","","http://www.datdota.com/team.php?q=1447&team=Fnatic.MY","Fnatic.MY","","DIRE","Group Stage","2","22.47","8; -32"
"http://www.datdota.com/match.php?q=1858611690","1858611690","","10/10/15","http://www.datdota.com/tournament.php?q=505&tournament=FrankFurt%20Major%20SEA%20Qualifiers%202015","FrankFurt Major SEA Qualifiers 2015","","http://www.datdota.com/team.php?q=1919&team=4H","4H","","http://www.datdota.com/team.php?q=1447&team=Fnatic.MY","Fnatic.MY","","DIRE","Group Stage","1","37.77","16; -33"
"http://www.datdota.com/match.php?q=1858236844","1858236844","","10/10/15","http://www.datdota.com/tournament.php?q=505&tournament=FrankFurt%20Major%20SEA%20Qualifiers%202015","FrankFurt Major SEA Qualifiers 2015","","http://www.datdota.com/team.php?q=1447&team=Fnatic.MY","Fnatic.MY","","http://www.datdota.com/team.php?q=788&team=MVP%20HOT6","MVP HOT6","","RADIANT","Group Stage","2","31.72","20; -7"
"http://www.datdota.com/match.php?q=1858162701","1858162701","","10/10/15","http://www.datdota.com/tournament.php?q=505&tournament=FrankFurt%20Major%20SEA%20Qualifiers%202015","FrankFurt Major SEA Qualifiers 2015","","http://www.datdota.com/team.php?q=788&team=MVP%20HOT6","MVP HOT6","","http://www.datdota.com/team.php?q=1447&team=Fnatic.MY","Fnatic.MY","","DIRE","Group Stage","1","33.08","4; -23"
"http://www.datdota.com/match.php?q=1856290165","1856290165","","10/10/15","http://www.datdota.com/tournament.php?q=505&tournament=FrankFurt%20Major%20SEA%20Qualifiers%202015","FrankFurt Major SEA Qualifiers 2015","","http://www.datdota.com/team.php?q=1886&team=123","123","","http://www.datdota.com/team.php?q=1447&team=Fnatic.MY","Fnatic.MY","","DIRE","Group Stage","2","53.2","27; -25"
"http://www.datdota.com/match.php?q=1856134200","1856134200","","10/10/15","http://www.datdota.com/tournament.php?q=505&tournament=FrankFurt%20Major%20SEA%20Qualifiers%202015","FrankFurt Major SEA Qualifiers 2015","","http://www.datdota.com/team.php?q=1447&team=Fnatic.MY","Fnatic.MY","","http://www.datdota.com/team.php?q=1886&team=123","123","","RADIANT","Group Stage","1","52.52","35; -18"
"http://www.datdota.com/match.php?q=1855773320","1855773320","","10/09/15","http://www.datdota.com/tournament.php?q=505&tournament=FrankFurt%20Major%20SEA%20Qualifiers%202015","FrankFurt Major SEA Qualifiers 2015","","http://www.datdota.com/team.php?q=1746&team=TNC","TNC","","http://www.datdota.com/team.php?q=1447&team=Fnatic.MY","Fnatic.MY","","DIRE","Group Stage","2","32.88","19; -19"
"http://www.datdota.com/match.php?q=1855674497","1855674497","","10/09/15","http://www.datdota.com/tournament.php?q=505&tournament=FrankFurt%20Major%20SEA%20Qualifiers%202015","FrankFurt Major SEA Qualifiers 2015","","http://www.datdota.com/team.php?q=1746&team=TNC","TNC","","http://www.datdota.com/team.php?q=1447&team=Fnatic.MY","Fnatic.MY","","DIRE","Group Stage","1","40.12","15; -29"
"http://www.datdota.com/match.php?q=1840163785","1840163785","","10/03/15","http://www.datdota.com/tournament.php?q=474&tournament=ESL%20One%20New%20York%202015","ESL One New York 2015","","http://www.datdota.com/team.php?q=1409&team=Secret","Secret","","http://www.datdota.com/team.php?q=1447&team=Fnatic.MY","Fnatic.MY","","RADIANT","Quarterfinals","3","22.05","30; -5"
"http://www.datdota.com/match.php?q=1839958449","1839958449","","10/03/15","http://www.datdota.com/tournament.php?q=474&tournament=ESL%20One%20New%20York%202015","ESL One New York 2015","","http://www.datdota.com/team.php?q=1447&team=Fnatic.MY","Fnatic.MY","","http://www.datdota.com/team.php?q=1409&team=Secret","Secret","","RADIANT","Quarterfinals","2","39.53","27; -15"
"http://www.datdota.com/match.php?q=1774633996","1774633996","","09/06/15","http://www.datdota.com/tournament.php?q=478&tournament=ESL%20One%20NY%202015%20SEA%20Qualifiers","ESL One NY 2015 SEA Qualifiers","","http://www.datdota.com/team.php?q=917&team=MVP%20Phoenix","MVP Phoenix","","http://www.datdota.com/team.php?q=1447&team=Fnatic.MY","Fnatic.MY","","DIRE","Finals","5","47.02","24; -30"
"http://www.datdota.com/match.php?q=1774463977","1774463977","","09/06/15","http://www.datdota.com/tournament.php?q=478&tournament=ESL%20One%20NY%202015%20SEA%20Qualifiers","ESL One NY 2015 SEA Qualifiers","","http://www.datdota.com/team.php?q=917&team=MVP%20Phoenix","MVP Phoenix","","http://www.datdota.com/team.php?q=1447&team=Fnatic.MY","Fnatic.MY","","RADIANT","Finals","4","34.83","39; -34"
"http://www.datdota.com/match.php?q=1774300081","1774300081","","09/06/15","http://www.datdota.com/tournament.php?q=478&tournament=ESL%20One%20NY%202015%20SEA%20Qualifiers","ESL One NY 2015 SEA Qualifiers","","http://www.datdota.com/team.php?q=917&team=MVP%20Phoenix","MVP Phoenix","","http://www.datdota.com/team.php?q=1447&team=Fnatic.MY","Fnatic.MY","","DIRE","Finals","3","35.55","15; -39"
"http://www.datdota.com/match.php?q=1774116161","1774116161","","09/06/15","http://www.datdota.com/tournament.php?q=478&tournament=ESL%20One%20NY%202015%20SEA%20Qualifiers","ESL One NY 2015 SEA Qualifiers","","http://www.datdota.com/team.php?q=1447&team=Fnatic.MY","Fnatic.MY","","http://www.datdota.com/team.php?q=917&team=MVP%20Phoenix","MVP Phoenix","","RADIANT","Finals","2","42.47","35; -19"
"http://www.datdota.com/match.php?q=1773960705","1773960705","","09/06/15","http://www.datdota.com/tournament.php?q=478&tournament=ESL%20One%20NY%202015%20SEA%20Qualifiers","ESL One NY 2015 SEA Qualifiers","","http://www.datdota.com/team.php?q=917&team=MVP%20Phoenix","MVP Phoenix","","http://www.datdota.com/team.php?q=1447&team=Fnatic.MY","Fnatic.MY","","RADIANT","Finals","1","36.22","33; -21"
"http://www.datdota.com/match.php?q=1771793409","1771793409","","09/05/15","http://www.datdota.com/tournament.php?q=478&tournament=ESL%20One%20NY%202015%20SEA%20Qualifiers","ESL One NY 2015 SEA Qualifiers","","http://www.datdota.com/team.php?q=105&team=Mineski","Mineski","","http://www.datdota.com/team.php?q=1447&team=Fnatic.MY","Fnatic.MY","","DIRE","Semifinals","2","36.88","28; -20"
"http://www.datdota.com/match.php?q=1771557569","1771557569","","09/05/15","http://www.datdota.com/tournament.php?q=478&tournament=ESL%20One%20NY%202015%20SEA%20Qualifiers","ESL One NY 2015 SEA Qualifiers","","http://www.datdota.com/team.php?q=105&team=Mineski","Mineski","","http://www.datdota.com/team.php?q=1447&team=Fnatic.MY","Fnatic.MY","","DIRE","Semifinals","1","59.08","21; -37"
"http://www.datdota.com/match.php?q=1766082945","1766082945","","09/03/15","http://www.datdota.com/tournament.php?q=478&tournament=ESL%20One%20NY%202015%20SEA%20Qualifiers","ESL One NY 2015 SEA Qualifiers","","http://www.datdota.com/team.php?q=1277&team=IAP","IAP","","http://www.datdota.com/team.php?q=1447&team=Fnatic.MY","Fnatic.MY","","DIRE","Quarterfinals","2","36.6","18; -47"
"http://www.datdota.com/match.php?q=1765947873","1765947873","","09/03/15","http://www.datdota.com/tournament.php?q=478&tournament=ESL%20One%20NY%202015%20SEA%20Qualifiers","ESL One NY 2015 SEA Qualifiers","","http://www.datdota.com/team.php?q=1447&team=Fnatic.MY","Fnatic.MY","","http://www.datdota.com/team.php?q=1277&team=IAP","IAP","","RADIANT","Quarterfinals","1","44.88","34; -18"
"http://www.datdota.com/match.php?q=1684903975","1684903975","","08/03/15","http://www.datdota.com/tournament.php?q=451&tournament=The%20International%202015","The International 2015","","http://www.datdota.com/team.php?q=1447&team=Fnatic.MY","Fnatic.MY","","http://www.datdota.com/team.php?q=1440&team=VP%202","VP 2","","DIRE","LB Round of 32","1","38.48","14; -35"
"http://www.datdota.com/match.php?q=1673477884","1673477884","","07/30/15","http://www.datdota.com/tournament.php?q=451&tournament=The%20International%202015","The International 2015","","http://www.datdota.com/team.php?q=1447&team=Fnatic.MY","Fnatic.MY","","http://www.datdota.com/team.php?q=1422&team=coL%202","coL 2","","DIRE","Group Stage","2","37.73","21; -28"
"http://www.datdota.com/match.php?q=1673371349","1673371349","","07/30/15","http://www.datdota.com/tournament.php?q=451&tournament=The%20International%202015","The International 2015","","http://www.datdota.com/team.php?q=1422&team=coL%202","coL 2","","http://www.datdota.com/team.php?q=1447&team=Fnatic.MY","Fnatic.MY","","RADIANT","Group Stage","1","46.03","25; -20"
"http://www.datdota.com/match.php?q=1673194213","1673194213","","07/30/15","http://www.datdota.com/tournament.php?q=451&tournament=The%20International%202015","The International 2015","","http://www.datdota.com/team.php?q=1447&team=Fnatic.MY","Fnatic.MY","","http://www.datdota.com/team.php?q=14&team=LGD.cn","LGD.cn","","DIRE","Group Stage","2","50.4","43; -39"
"http://www.datdota.com/match.php?q=1673099701","1673099701","","07/30/15","http://www.datdota.com/tournament.php?q=451&tournament=The%20International%202015","The International 2015","","http://www.datdota.com/team.php?q=14&team=LGD.cn","LGD.cn","","http://www.datdota.com/team.php?q=1447&team=Fnatic.MY","Fnatic.MY","","RADIANT","Group Stage","1","29.02","29; -6"
"http://www.datdota.com/match.php?q=1670702068","1670702068","","07/29/15","http://www.datdota.com/tournament.php?q=451&tournament=The%20International%202015","The International 2015","","http://www.datdota.com/team.php?q=1447&team=Fnatic.MY","Fnatic.MY","","http://www.datdota.com/team.php?q=1&team=NaVi","NaVi","","RADIANT","Group Stage","2","70.37","36; -32"
"http://www.datdota.com/match.php?q=1670592135","1670592135","","07/29/15","http://www.datdota.com/tournament.php?q=451&tournament=The%20International%202015","The International 2015","","http://www.datdota.com/team.php?q=1&team=NaVi","NaVi","","http://www.datdota.com/team.php?q=1447&team=Fnatic.MY","Fnatic.MY","","RADIANT","Group Stage","1","43.62","42; -15"
"http://www.datdota.com/match.php?q=1668493996","1668493996","","07/28/15","http://www.datdota.com/tournament.php?q=451&tournament=The%20International%202015","The International 2015","","http://www.datdota.com/team.php?q=1447&team=Fnatic.MY","Fnatic.MY","","http://www.datdota.com/team.php?q=917&team=MVP%20Phoenix","MVP Phoenix","","DIRE","Group Stage","2","21.28","11; -28"
"http://www.datdota.com/match.php?q=1668434795","1668434795","","07/28/15","http://www.datdota.com/tournament.php?q=451&tournament=The%20International%202015","The International 2015","","http://www.datdota.com/team.php?q=1447&team=Fnatic.MY","Fnatic.MY","","http://www.datdota.com/team.php?q=917&team=MVP%20Phoenix","MVP Phoenix","","RADIANT","Group Stage","1","31.32","28; -13"
"http://www.datdota.com/match.php?q=1668110665","1668110665","","07/28/15","http://www.datdota.com/tournament.php?q=451&tournament=The%20International%202015","The International 2015","","http://www.datdota.com/team.php?q=1048&team=C9","C9","","http://www.datdota.com/team.php?q=1447&team=Fnatic.MY","Fnatic.MY","","RADIANT","Group Stage","2","36.3","30; -14"
"http://www.datdota.com/match.php?q=1668012309","1668012309","","07/28/15","http://www.datdota.com/tournament.php?q=451&tournament=The%20International%202015","The International 2015","","http://www.datdota.com/team.php?q=1447&team=Fnatic.MY","Fnatic.MY","","http://www.datdota.com/team.php?q=1048&team=C9","C9","","DIRE","Group Stage","1","39.97","16; -36"
"http://www.datdota.com/match.php?q=1666185341","1666185341","","07/27/15","http://www.datdota.com/tournament.php?q=451&tournament=The%20International%202015","The International 2015","","http://www.datdota.com/team.php?q=5&team=iG","iG","","http://www.datdota.com/team.php?q=1447&team=Fnatic.MY","Fnatic.MY","","DIRE","Group Stage","2","97.78","32; -44"
"http://www.datdota.com/match.php?q=1666122929","1666122929","","07/27/15","http://www.datdota.com/tournament.php?q=451&tournament=The%20International%202015","The International 2015","","http://www.datdota.com/team.php?q=1447&team=Fnatic.MY","Fnatic.MY","","http://www.datdota.com/team.php?q=5&team=iG","iG","","DIRE","Group Stage","1","42.15","3; -26"
"http://www.datdota.com/match.php?q=1665822701","1665822701","","07/27/15","http://www.datdota.com/tournament.php?q=451&tournament=The%20International%202015","The International 2015","","http://www.datdota.com/team.php?q=1447&team=Fnatic.MY","Fnatic.MY","","http://www.datdota.com/team.php?q=1409&team=Secret","Secret","","RADIANT","Group Stage","2","28.62","30; -3"
"http://www.datdota.com/match.php?q=1665686446","1665686446","","07/27/15","http://www.datdota.com/tournament.php?q=451&tournament=The%20International%202015","The International 2015","","http://www.datdota.com/team.php?q=1409&team=Secret","Secret","","http://www.datdota.com/team.php?q=1447&team=Fnatic.MY","Fnatic.MY","","RADIANT","Group Stage","1","39.1","27; -15"
"http://www.datdota.com/match.php?q=1569165234","1569165234","","06/20/15","http://www.datdota.com/tournament.php?q=431&tournament=ESL%20One%20Frankfurt%202015","ESL One Frankfurt 2015","","http://www.datdota.com/team.php?q=1447&team=Fnatic.MY","Fnatic.MY","","http://www.datdota.com/team.php?q=1409&team=Secret","Secret","","DIRE","Quarterfinals","2","30.08","22; -38"
"http://www.datdota.com/match.php?q=1569002429","1569002429","","06/20/15","http://www.datdota.com/tournament.php?q=431&tournament=ESL%20One%20Frankfurt%202015","ESL One Frankfurt 2015","","http://www.datdota.com/team.php?q=1409&team=Secret","Secret","","http://www.datdota.com/team.php?q=1447&team=Fnatic.MY","Fnatic.MY","","RADIANT","Quarterfinals","1","52.3","24; -22"
"http://www.datdota.com/match.php?q=1562156117","1562156117","","06/18/15","http://www.datdota.com/tournament.php?q=431&tournament=ESL%20One%20Frankfurt%202015","ESL One Frankfurt 2015","","http://www.datdota.com/team.php?q=5&team=iG","iG","","http://www.datdota.com/team.php?q=1447&team=Fnatic.MY","Fnatic.MY","","RADIANT","","","34.17","18; -9"
"http://www.datdota.com/match.php?q=1561952028","1561952028","","06/18/15","http://www.datdota.com/tournament.php?q=431&tournament=ESL%20One%20Frankfurt%202015","ESL One Frankfurt 2015","","http://www.datdota.com/team.php?q=1048&team=C9","C9","","http://www.datdota.com/team.php?q=1447&team=Fnatic.MY","Fnatic.MY","","DIRE","","","25.33","5; -20"
"http://www.datdota.com/match.php?q=1561470475","1561470475","","06/18/15","http://www.datdota.com/tournament.php?q=431&tournament=ESL%20One%20Frankfurt%202015","ESL One Frankfurt 2015","","http://www.datdota.com/team.php?q=240&team=VG","VG","","http://www.datdota.com/team.php?q=1447&team=Fnatic.MY","Fnatic.MY","","RADIANT","","","25","27; -7"
"http://www.datdota.com/match.php?q=1535228815","1535228815","","06/07/15","http://www.datdota.com/tournament.php?q=435&tournament=joinDOTA%20MLG%20Pro%20League%20Season%202","joinDOTA MLG Pro League Season 2","","http://www.datdota.com/team.php?q=1447&team=Fnatic.MY","Fnatic.MY","","http://www.datdota.com/team.php?q=1531&team=LC","LC","","RADIANT","Consolation Game Finals","2","37.98","27; -17"
"http://www.datdota.com/match.php?q=1535084234","1535084234","","06/07/15","http://www.datdota.com/tournament.php?q=435&tournament=joinDOTA%20MLG%20Pro%20League%20Season%202","joinDOTA MLG Pro League Season 2","","http://www.datdota.com/team.php?q=1531&team=LC","LC","","http://www.datdota.com/team.php?q=1447&team=Fnatic.MY","Fnatic.MY","","DIRE","Consolation Game Finals","1","47.32","24; -34"
"http://www.datdota.com/match.php?q=1532906867","1532906867","","06/06/15","http://www.datdota.com/tournament.php?q=435&tournament=joinDOTA%20MLG%20Pro%20League%20Season%202","joinDOTA MLG Pro League Season 2","","http://www.datdota.com/team.php?q=376&team=Alliance","Alliance","","http://www.datdota.com/team.php?q=1447&team=Fnatic.MY","Fnatic.MY","","RADIANT","Semifinals","3","31.18","20; -6"
"http://www.datdota.com/match.php?q=1532798131","1532798131","","06/06/15","http://www.datdota.com/tournament.php?q=435&tournament=joinDOTA%20MLG%20Pro%20League%20Season%202","joinDOTA MLG Pro League Season 2","","http://www.datdota.com/team.php?q=376&team=Alliance","Alliance","","http://www.datdota.com/team.php?q=1447&team=Fnatic.MY","Fnatic.MY","","DIRE","Semifinals","2","50.1","24; -32"
"http://www.datdota.com/match.php?q=1532667249","1532667249","","06/06/15","http://www.datdota.com/tournament.php?q=435&tournament=joinDOTA%20MLG%20Pro%20League%20Season%202","joinDOTA MLG Pro League Season 2","","http://www.datdota.com/team.php?q=1447&team=Fnatic.MY","Fnatic.MY","","http://www.datdota.com/team.php?q=376&team=Alliance","Alliance","","DIRE","Semifinals","1","58.98","16; -24"
"http://www.datdota.com/match.php?q=1532235574","1532235574","","06/06/15","http://www.datdota.com/tournament.php?q=435&tournament=joinDOTA%20MLG%20Pro%20League%20Season%202","joinDOTA MLG Pro League Season 2","","http://www.datdota.com/team.php?q=1447&team=Fnatic.MY","Fnatic.MY","","http://www.datdota.com/team.php?q=1440&team=VP%202","VP 2","","RADIANT","Group Stage","1","51.33","26; -12"
"http://www.datdota.com/match.php?q=1530115850","1530115850","","06/05/15","http://www.datdota.com/tournament.php?q=435&tournament=joinDOTA%20MLG%20Pro%20League%20Season%202","joinDOTA MLG Pro League Season 2","","http://www.datdota.com/team.php?q=1447&team=Fnatic.MY","Fnatic.MY","","http://www.datdota.com/team.php?q=1388&team=mouz%202","mouz 2","","RADIANT","Group Stage","1","64.03","33; -39"
"http://www.datdota.com/match.php?q=1529435991","1529435991","","06/05/15","http://www.datdota.com/tournament.php?q=435&tournament=joinDOTA%20MLG%20Pro%20League%20Season%202","joinDOTA MLG Pro League Season 2","","http://www.datdota.com/team.php?q=1447&team=Fnatic.MY","Fnatic.MY","","http://www.datdota.com/team.php?q=1440&team=VP%202","VP 2","","DIRE","Group Stage","1","44.35","14; -43"
"http://www.datdota.com/match.php?q=1494431733","1494431733","","05/22/15","http://www.datdota.com/tournament.php?q=422&tournament=i-League%20Season%203%20Finals","i-League Season 3 Finals","","http://www.datdota.com/team.php?q=14&team=LGD.cn","LGD.cn","","http://www.datdota.com/team.php?q=1447&team=Fnatic.MY","Fnatic.MY","","RADIANT","LB Finals","2","54.6","27; -29"
"http://www.datdota.com/match.php?q=1494314266","1494314266","","05/22/15","http://www.datdota.com/tournament.php?q=422&tournament=i-League%20Season%203%20Finals","i-League Season 3 Finals","","http://www.datdota.com/team.php?q=1447&team=Fnatic.MY","Fnatic.MY","","http://www.datdota.com/team.php?q=14&team=LGD.cn","LGD.cn","","DIRE","LB Finals","1","49.95","23; -23"
"http://www.datdota.com/match.php?q=1492369743","1492369743","","05/22/15","http://www.datdota.com/tournament.php?q=422&tournament=i-League%20Season%203%20Finals","i-League Season 3 Finals","","http://www.datdota.com/team.php?q=1102&team=Nb","Nb","","http://www.datdota.com/team.php?q=1447&team=Fnatic.MY","Fnatic.MY","","DIRE","LB Semifinals","2","31.42","8; -24"
"http://www.datdota.com/match.php?q=1492285638","1492285638","","05/22/15","http://www.datdota.com/tournament.php?q=422&tournament=i-League%20Season%203%20Finals","i-League Season 3 Finals","","http://www.datdota.com/team.php?q=1447&team=Fnatic.MY","Fnatic.MY","","http://www.datdota.com/team.php?q=1102&team=Nb","Nb","","RADIANT","LB Semifinals","1","19.4","21; -2"
"http://www.datdota.com/match.php?q=1491858707","1491858707","","05/21/15","http://www.datdota.com/tournament.php?q=422&tournament=i-League%20Season%203%20Finals","i-League Season 3 Finals","","http://www.datdota.com/team.php?q=1447&team=Fnatic.MY","Fnatic.MY","","http://www.datdota.com/team.php?q=376&team=Alliance","Alliance","","RADIANT","LB Quarterfinals","3","36.02","26; -17"
"http://www.datdota.com/match.php?q=1491777059","1491777059","","05/21/15","http://www.datdota.com/tournament.php?q=422&tournament=i-League%20Season%203%20Finals","i-League Season 3 Finals","","http://www.datdota.com/team.php?q=376&team=Alliance","Alliance","","http://www.datdota.com/team.php?q=1447&team=Fnatic.MY","Fnatic.MY","","RADIANT","LB Quarterfinals","2","38.47","37; -15"
"http://www.datdota.com/match.php?q=1491720521","1491720521","","05/21/15","http://www.datdota.com/tournament.php?q=422&tournament=i-League%20Season%203%20Finals","i-League Season 3 Finals","","http://www.datdota.com/team.php?q=1447&team=Fnatic.MY","Fnatic.MY","","http://www.datdota.com/team.php?q=376&team=Alliance","Alliance","","RADIANT","LB Quarterfinals","1","22.77","11; -4"
"http://www.datdota.com/match.php?q=1489510691","1489510691","","05/20/15","http://www.datdota.com/tournament.php?q=422&tournament=i-League%20Season%203%20Finals","i-League Season 3 Finals","","http://www.datdota.com/team.php?q=1750&team=VG.P","VG.P","","http://www.datdota.com/team.php?q=1447&team=Fnatic.MY","Fnatic.MY","","DIRE","LB Round of 16","2","42.32","21; -34"
"http://www.datdota.com/match.php?q=1489398460","1489398460","","05/20/15","http://www.datdota.com/tournament.php?q=422&tournament=i-League%20Season%203%20Finals","i-League Season 3 Finals","","http://www.datdota.com/team.php?q=1447&team=Fnatic.MY","Fnatic.MY","","http://www.datdota.com/team.php?q=1750&team=VG.P","VG.P","","RADIANT","LB Round of 16","1","35.15","14; -11"
"http://www.datdota.com/match.php?q=1487380361","1487380361","","05/20/15","http://www.datdota.com/tournament.php?q=422&tournament=i-League%20Season%203%20Finals","i-League Season 3 Finals","","http://www.datdota.com/team.php?q=1102&team=Nb","Nb","","http://www.datdota.com/team.php?q=1447&team=Fnatic.MY","Fnatic.MY","","RADIANT","UB Quarterfinals","2","55.82","44; -27"
"http://www.datdota.com/match.php?q=1487257370","1487257370","","05/20/15","http://www.datdota.com/tournament.php?q=422&tournament=i-League%20Season%203%20Finals","i-League Season 3 Finals","","http://www.datdota.com/team.php?q=1447&team=Fnatic.MY","Fnatic.MY","","http://www.datdota.com/team.php?q=1102&team=Nb","Nb","","DIRE","UB Quarterfinals","1","51.72","20; -32"
"http://www.datdota.com/match.php?q=1463837535","1463837535","","05/10/15","http://www.datdota.com/tournament.php?q=420&tournament=Red%20Bull%20Battle%20Grounds%20Finals","Red Bull Battle Grounds Finals","","http://www.datdota.com/team.php?q=1754&team=Ehome.My","Ehome.My","","http://www.datdota.com/team.php?q=1447&team=Fnatic.MY","Fnatic.MY","","RADIANT","","","40.57","45; -40"
"http://www.datdota.com/match.php?q=1453223472","1453223472","","05/06/15","http://www.datdota.com/tournament.php?q=420&tournament=Red%20Bull%20Battle%20Grounds%20Finals","Red Bull Battle Grounds Finals","","http://www.datdota.com/team.php?q=1409&team=Secret","Secret","","http://www.datdota.com/team.php?q=1447&team=Fnatic.MY","Fnatic.MY","","RADIANT","","","31.63","32; -15"
"http://www.datdota.com/match.php?q=1453098869","1453098869","","05/06/15","http://www.datdota.com/tournament.php?q=420&tournament=Red%20Bull%20Battle%20Grounds%20Finals","Red Bull Battle Grounds Finals","","http://www.datdota.com/team.php?q=1412&team=HR","HR","","http://www.datdota.com/team.php?q=1447&team=Fnatic.MY","Fnatic.MY","","DIRE","","","54.22","23; -30"
"http://www.datdota.com/match.php?q=1451141384","1451141384","","05/05/15","http://www.datdota.com/tournament.php?q=420&tournament=Red%20Bull%20Battle%20Grounds%20Finals","Red Bull Battle Grounds Finals","","http://www.datdota.com/team.php?q=1447&team=Fnatic.MY","Fnatic.MY","","http://www.datdota.com/team.php?q=1735&team=SumsRift","SumsRift","","RADIANT","","","34","34; -15"
"http://www.datdota.com/match.php?q=1450903302","1450903302","","05/05/15","http://www.datdota.com/tournament.php?q=420&tournament=Red%20Bull%20Battle%20Grounds%20Finals","Red Bull Battle Grounds Finals","","http://www.datdota.com/team.php?q=1409&team=Secret","Secret","","http://www.datdota.com/team.php?q=1447&team=Fnatic.MY","Fnatic.MY","","RADIANT","","","34.3","32; -13"
"http://www.datdota.com/match.php?q=1450835568","1450835568","","05/05/15","http://www.datdota.com/tournament.php?q=420&tournament=Red%20Bull%20Battle%20Grounds%20Finals","Red Bull Battle Grounds Finals","","http://www.datdota.com/team.php?q=1447&team=Fnatic.MY","Fnatic.MY","","http://www.datdota.com/team.php?q=1412&team=HR","HR","","DIRE","","","29.13","16; -31"
"http://www.datdota.com/match.php?q=1450649862","1450649862","","05/05/15","http://www.datdota.com/tournament.php?q=420&tournament=Red%20Bull%20Battle%20Grounds%20Finals","Red Bull Battle Grounds Finals","","http://www.datdota.com/team.php?q=1447&team=Fnatic.MY","Fnatic.MY","","http://www.datdota.com/team.php?q=1735&team=SumsRift","SumsRift","","RADIANT","","","51.48","29; -29"
"http://www.datdota.com/match.php?q=1441075807","1441075807","","05/02/15","http://www.datdota.com/tournament.php?q=459&tournament=jD%20MLG%20SEA%20Qualifiers%202","jD MLG SEA Qualifiers 2","","http://www.datdota.com/team.php?q=1447&team=Fnatic.MY","Fnatic.MY","","http://www.datdota.com/team.php?q=788&team=MVP%20HOT6","MVP HOT6","","RADIANT","Finals","3","23.98","17; -5"
"http://www.datdota.com/match.php?q=1440849489","1440849489","","05/02/15","http://www.datdota.com/tournament.php?q=459&tournament=jD%20MLG%20SEA%20Qualifiers%202","jD MLG SEA Qualifiers 2","","http://www.datdota.com/team.php?q=788&team=MVP%20HOT6","MVP HOT6","","http://www.datdota.com/team.php?q=1447&team=Fnatic.MY","Fnatic.MY","","RADIANT","Finals","2","54.35","48; -37"
"http://www.datdota.com/match.php?q=1440619452","1440619452","","05/02/15","http://www.datdota.com/tournament.php?q=459&tournament=jD%20MLG%20SEA%20Qualifiers%202","jD MLG SEA Qualifiers 2","","http://www.datdota.com/team.php?q=1447&team=Fnatic.MY","Fnatic.MY","","http://www.datdota.com/team.php?q=788&team=MVP%20HOT6","MVP HOT6","","RADIANT","Finals","1","50.58","24; -12"
"http://www.datdota.com/match.php?q=1434012664","1434012664","","04/30/15","http://www.datdota.com/tournament.php?q=459&tournament=jD%20MLG%20SEA%20Qualifiers%202","jD MLG SEA Qualifiers 2","","http://www.datdota.com/team.php?q=245&team=Invasion%203","Invasion 3","","http://www.datdota.com/team.php?q=1447&team=Fnatic.MY","Fnatic.MY","","DIRE","Semifinals","2","35.57","14; -28"
"http://www.datdota.com/match.php?q=1433909310","1433909310","","04/30/15","http://www.datdota.com/tournament.php?q=459&tournament=jD%20MLG%20SEA%20Qualifiers%202","jD MLG SEA Qualifiers 2","","http://www.datdota.com/team.php?q=1447&team=Fnatic.MY","Fnatic.MY","","http://www.datdota.com/team.php?q=245&team=Invasion%203","Invasion 3","","RADIANT","Semifinals","1","38.75","24; -16"
"http://www.datdota.com/match.php?q=1423692107","1423692107","","04/25/15","http://www.datdota.com/tournament.php?q=414&tournament=StarSeries%2012%20Finals","StarSeries 12 Finals","","http://www.datdota.com/team.php?q=1447&team=Fnatic.MY","Fnatic.MY","","http://www.datdota.com/team.php?q=1388&team=mouz%202","mouz 2","","DIRE","LB Quarterfinals","3","47.85","11; -39"
"http://www.datdota.com/match.php?q=1423493592","1423493592","","04/25/15","http://www.datdota.com/tournament.php?q=414&tournament=StarSeries%2012%20Finals","StarSeries 12 Finals","","http://www.datdota.com/team.php?q=1388&team=mouz%202","mouz 2","","http://www.datdota.com/team.php?q=1447&team=Fnatic.MY","Fnatic.MY","","RADIANT","LB Quarterfinals","2","52.18","37; -30"
"http://www.datdota.com/match.php?q=1423328513","1423328513","","04/25/15","http://www.datdota.com/tournament.php?q=414&tournament=StarSeries%2012%20Finals","StarSeries 12 Finals","","http://www.datdota.com/team.php?q=1447&team=Fnatic.MY","Fnatic.MY","","http://www.datdota.com/team.php?q=1388&team=mouz%202","mouz 2","","RADIANT","LB Quarterfinals","1","35.62","24; -19"
"http://www.datdota.com/match.php?q=1423009257","1423009257","","04/25/15","http://www.datdota.com/tournament.php?q=414&tournament=StarSeries%2012%20Finals","StarSeries 12 Finals","","http://www.datdota.com/team.php?q=5&team=iG","iG","","http://www.datdota.com/team.php?q=1447&team=Fnatic.MY","Fnatic.MY","","RADIANT","UB Semifinals","2","49.38","25; -17"
"http://www.datdota.com/match.php?q=1422859329","1422859329","","04/25/15","http://www.datdota.com/tournament.php?q=414&tournament=StarSeries%2012%20Finals","StarSeries 12 Finals","","http://www.datdota.com/team.php?q=5&team=iG","iG","","http://www.datdota.com/team.php?q=1447&team=Fnatic.MY","Fnatic.MY","","RADIANT","UB Semifinals","1","29.62","34; -7"
"http://www.datdota.com/match.php?q=1421007628","1421007628","","04/24/15","http://www.datdota.com/tournament.php?q=414&tournament=StarSeries%2012%20Finals","StarSeries 12 Finals","","http://www.datdota.com/team.php?q=1447&team=Fnatic.MY","Fnatic.MY","","http://www.datdota.com/team.php?q=1409&team=Secret","Secret","","RADIANT","UB Quarterfinals","3","35.32","28; -11"
"http://www.datdota.com/match.php?q=1420816727","1420816727","","04/24/15","http://www.datdota.com/tournament.php?q=414&tournament=StarSeries%2012%20Finals","StarSeries 12 Finals","","http://www.datdota.com/team.php?q=1409&team=Secret","Secret","","http://www.datdota.com/team.php?q=1447&team=Fnatic.MY","Fnatic.MY","","RADIANT","UB Quarterfinals","2","44.28","30; -26"
"http://www.datdota.com/match.php?q=1420622700","1420622700","","04/24/15","http://www.datdota.com/tournament.php?q=414&tournament=StarSeries%2012%20Finals","StarSeries 12 Finals","","http://www.datdota.com/team.php?q=1447&team=Fnatic.MY","Fnatic.MY","","http://www.datdota.com/team.php?q=1409&team=Secret","Secret","","RADIANT","UB Quarterfinals","1","45.67","44; -14"
"http://www.datdota.com/match.php?q=1414480214","1414480214","","04/21/15","http://www.datdota.com/tournament.php?q=459&tournament=jD%20MLG%20SEA%20Qualifiers%202","jD MLG SEA Qualifiers 2","","http://www.datdota.com/team.php?q=661&team=Arcanys","Arcanys","","http://www.datdota.com/team.php?q=1447&team=Fnatic.MY","Fnatic.MY","","DIRE","Quarterfinals","2","30.83","4; -32"
"http://www.datdota.com/match.php?q=1414301744","1414301744","","04/21/15","http://www.datdota.com/tournament.php?q=459&tournament=jD%20MLG%20SEA%20Qualifiers%202","jD MLG SEA Qualifiers 2","","http://www.datdota.com/team.php?q=1447&team=Fnatic.MY","Fnatic.MY","","http://www.datdota.com/team.php?q=661&team=Arcanys","Arcanys","","RADIANT","Quarterfinals","1","45.93","40; -21"
"http://www.datdota.com/match.php?q=1413963421","1413963421","","04/21/15","http://www.datdota.com/tournament.php?q=430&tournament=ESL%20One%20Frankfurt%202015%20SEA%20Qualifiers","ESL One Frankfurt 2015 SEA Qualifiers","","http://www.datdota.com/team.php?q=1447&team=Fnatic.MY","Fnatic.MY","","http://www.datdota.com/team.php?q=105&team=Mineski","Mineski","","RADIANT","Finals","2","33.98","36; -5"
"http://www.datdota.com/match.php?q=1413830362","1413830362","","04/21/15","http://www.datdota.com/tournament.php?q=430&tournament=ESL%20One%20Frankfurt%202015%20SEA%20Qualifiers","ESL One Frankfurt 2015 SEA Qualifiers","","http://www.datdota.com/team.php?q=105&team=Mineski","Mineski","","http://www.datdota.com/team.php?q=1447&team=Fnatic.MY","Fnatic.MY","","DIRE","Finals","1","36.98","22; -48"
"http://www.datdota.com/match.php?q=1410309367","1410309367","","04/19/15","http://www.datdota.com/tournament.php?q=425&tournament=i-League%20Season%203%20SEA%20Qualifiers","i-League Season 3 SEA Qualifiers","","http://www.datdota.com/team.php?q=105&team=Mineski","Mineski","","http://www.datdota.com/team.php?q=1447&team=Fnatic.MY","Fnatic.MY","","DIRE","Finals","3","56.58","31; -43"
"http://www.datdota.com/match.php?q=1410104194","1410104194","","04/19/15","http://www.datdota.com/tournament.php?q=425&tournament=i-League%20Season%203%20SEA%20Qualifiers","i-League Season 3 SEA Qualifiers","","http://www.datdota.com/team.php?q=1447&team=Fnatic.MY","Fnatic.MY","","http://www.datdota.com/team.php?q=105&team=Mineski","Mineski","","RADIANT","Finals","2","67.32","36; -28"
"http://www.datdota.com/match.php?q=1409931030","1409931030","","04/19/15","http://www.datdota.com/tournament.php?q=425&tournament=i-League%20Season%203%20SEA%20Qualifiers","i-League Season 3 SEA Qualifiers","","http://www.datdota.com/team.php?q=105&team=Mineski","Mineski","","http://www.datdota.com/team.php?q=1447&team=Fnatic.MY","Fnatic.MY","","RADIANT","Finals","1","41.82","28; -20"
"http://www.datdota.com/match.php?q=1406839757","1406839757","","04/18/15","http://www.datdota.com/tournament.php?q=425&tournament=i-League%20Season%203%20SEA%20Qualifiers","i-League Season 3 SEA Qualifiers","","http://www.datdota.com/team.php?q=1447&team=Fnatic.MY","Fnatic.MY","","http://www.datdota.com/team.php?q=805&team=Cant%20Say","Cant Say","","RADIANT","Semifinals","2","43.38","49; -26"
"http://www.datdota.com/match.php?q=1406699574","1406699574","","04/18/15","http://www.datdota.com/tournament.php?q=425&tournament=i-League%20Season%203%20SEA%20Qualifiers","i-League Season 3 SEA Qualifiers","","http://www.datdota.com/team.php?q=805&team=Cant%20Say","Cant Say","","http://www.datdota.com/team.php?q=1447&team=Fnatic.MY","Fnatic.MY","","DIRE","Semifinals","1","36.18","19; -32"
"http://www.datdota.com/match.php?q=1399967212","1399967212","","04/15/15","http://www.datdota.com/tournament.php?q=430&tournament=ESL%20One%20Frankfurt%202015%20SEA%20Qualifiers","ESL One Frankfurt 2015 SEA Qualifiers","","http://www.datdota.com/team.php?q=1447&team=Fnatic.MY","Fnatic.MY","","http://www.datdota.com/team.php?q=917&team=MVP%20Phoenix","MVP Phoenix","","RADIANT","Semifinals","3","43.25","42; -21"
"http://www.datdota.com/match.php?q=1399817827","1399817827","","04/15/15","http://www.datdota.com/tournament.php?q=430&tournament=ESL%20One%20Frankfurt%202015%20SEA%20Qualifiers","ESL One Frankfurt 2015 SEA Qualifiers","","http://www.datdota.com/team.php?q=1447&team=Fnatic.MY","Fnatic.MY","","http://www.datdota.com/team.php?q=917&team=MVP%20Phoenix","MVP Phoenix","","DIRE","Semifinals","2","44.38","14; -39"
"http://www.datdota.com/match.php?q=1399717812","1399717812","","04/15/15","http://www.datdota.com/tournament.php?q=430&tournament=ESL%20One%20Frankfurt%202015%20SEA%20Qualifiers","ESL One Frankfurt 2015 SEA Qualifiers","","http://www.datdota.com/team.php?q=917&team=MVP%20Phoenix","MVP Phoenix","","http://www.datdota.com/team.php?q=1447&team=Fnatic.MY","Fnatic.MY","","DIRE","Semifinals","1","30.67","13; -31"
"http://www.datdota.com/match.php?q=1397748464","1397748464","","04/14/15","http://www.datdota.com/tournament.php?q=425&tournament=i-League%20Season%203%20SEA%20Qualifiers","i-League Season 3 SEA Qualifiers","","http://www.datdota.com/team.php?q=1447&team=Fnatic.MY","Fnatic.MY","","http://www.datdota.com/team.php?q=245&team=Invasion%203","Invasion 3","","RADIANT","Quarterfinals","2","22.6","13; -5"
"http://www.datdota.com/match.php?q=1397666553","1397666553","","04/14/15","http://www.datdota.com/tournament.php?q=425&tournament=i-League%20Season%203%20SEA%20Qualifiers","i-League Season 3 SEA Qualifiers","","http://www.datdota.com/team.php?q=245&team=Invasion%203","Invasion 3","","http://www.datdota.com/team.php?q=1447&team=Fnatic.MY","Fnatic.MY","","DIRE","Quarterfinals","1","32.63","5; -24"
"http://www.datdota.com/match.php?q=1379180301","1379180301","","04/06/15","http://www.datdota.com/tournament.php?q=427&tournament=Red%20Bull%20Battle%20Grounds%20SEA%20Qualifiers","Red Bull Battle Grounds SEA Qualifiers","","http://www.datdota.com/team.php?q=1170&team=Rave","Rave","","http://www.datdota.com/team.php?q=1447&team=Fnatic.MY","Fnatic.MY","","DIRE","Finals","2","38.93","10; -16"
"http://www.datdota.com/match.php?q=1379032433","1379032433","","04/06/15","http://www.datdota.com/tournament.php?q=427&tournament=Red%20Bull%20Battle%20Grounds%20SEA%20Qualifiers","Red Bull Battle Grounds SEA Qualifiers","","http://www.datdota.com/team.php?q=1170&team=Rave","Rave","","http://www.datdota.com/team.php?q=1447&team=Fnatic.MY","Fnatic.MY","","DIRE","Finals","1","25.4","11; -25"
"http://www.datdota.com/match.php?q=1378625684","1378625684","","04/06/15","http://www.datdota.com/tournament.php?q=427&tournament=Red%20Bull%20Battle%20Grounds%20SEA%20Qualifiers","Red Bull Battle Grounds SEA Qualifiers","","http://www.datdota.com/team.php?q=917&team=MVP%20Phoenix","MVP Phoenix","","http://www.datdota.com/team.php?q=1447&team=Fnatic.MY","Fnatic.MY","","DIRE","UB Finals","1","42.58","20; -35"
"http://www.datdota.com/match.php?q=1378434969","1378434969","","04/06/15","http://www.datdota.com/tournament.php?q=427&tournament=Red%20Bull%20Battle%20Grounds%20SEA%20Qualifiers","Red Bull Battle Grounds SEA Qualifiers","","http://www.datdota.com/team.php?q=805&team=Cant%20Say","Cant Say","","http://www.datdota.com/team.php?q=1447&team=Fnatic.MY","Fnatic.MY","","DIRE","UB Semifinals","1","24.63","8; -23"
"http://www.datdota.com/match.php?q=1373251935","1373251935","","04/04/15","http://www.datdota.com/tournament.php?q=430&tournament=ESL%20One%20Frankfurt%202015%20SEA%20Qualifiers","ESL One Frankfurt 2015 SEA Qualifiers","","http://www.datdota.com/team.php?q=1723&team=5eva","5eva","","http://www.datdota.com/team.php?q=1447&team=Fnatic.MY","Fnatic.MY","","DIRE","Quarterfinals","1","54.33","30; -27"
"http://www.datdota.com/match.php?q=1371198585","1371198585","","04/03/15","http://www.datdota.com/tournament.php?q=416&tournament=GEST%20SEA%20Cup","GEST SEA Cup","","http://www.datdota.com/team.php?q=1447&team=Fnatic.MY","Fnatic.MY","","http://www.datdota.com/team.php?q=805&team=Cant%20Say","Cant Say","","RADIANT","Finals","2","56.27","27; -18"
"http://www.datdota.com/match.php?q=1370963382","1370963382","","04/03/15","http://www.datdota.com/tournament.php?q=416&tournament=GEST%20SEA%20Cup","GEST SEA Cup","","http://www.datdota.com/team.php?q=805&team=Cant%20Say","Cant Say","","http://www.datdota.com/team.php?q=1447&team=Fnatic.MY","Fnatic.MY","","DIRE","Finals","1","47.4","17; -24"
"http://www.datdota.com/match.php?q=1368165068","1368165068","","04/02/15","http://www.datdota.com/tournament.php?q=416&tournament=GEST%20SEA%20Cup","GEST SEA Cup","","http://www.datdota.com/team.php?q=1447&team=Fnatic.MY","Fnatic.MY","","http://www.datdota.com/team.php?q=7&team=SiG.Tr","SiG.Tr","","RADIANT","Semifinals","2","49.57","49; -30"
"http://www.datdota.com/match.php?q=1368043292","1368043292","","04/02/15","http://www.datdota.com/tournament.php?q=416&tournament=GEST%20SEA%20Cup","GEST SEA Cup","","http://www.datdota.com/team.php?q=7&team=SiG.Tr","SiG.Tr","","http://www.datdota.com/team.php?q=1447&team=Fnatic.MY","Fnatic.MY","","DIRE","Semifinals","1","31.15","14; -29"
"http://www.datdota.com/match.php?q=1366174771","1366174771","","04/01/15","http://www.datdota.com/tournament.php?q=413&tournament=StarSeries%2012%20SEA%20Qualifiers","StarSeries 12 SEA Qualifiers","","http://www.datdota.com/team.php?q=917&team=MVP%20Phoenix","MVP Phoenix","","http://www.datdota.com/team.php?q=1447&team=Fnatic.MY","Fnatic.MY","","DIRE","Finals","3","49.12","24; -46"
"http://www.datdota.com/match.php?q=1366026119","1366026119","","04/01/15","http://www.datdota.com/tournament.php?q=413&tournament=StarSeries%2012%20SEA%20Qualifiers","StarSeries 12 SEA Qualifiers","","http://www.datdota.com/team.php?q=917&team=MVP%20Phoenix","MVP Phoenix","","http://www.datdota.com/team.php?q=1447&team=Fnatic.MY","Fnatic.MY","","DIRE","Finals","2","28.27","8; -34"
"http://www.datdota.com/match.php?q=1365865091","1365865091","","04/01/15","http://www.datdota.com/tournament.php?q=413&tournament=StarSeries%2012%20SEA%20Qualifiers","StarSeries 12 SEA Qualifiers","","http://www.datdota.com/team.php?q=917&team=MVP%20Phoenix","MVP Phoenix","","http://www.datdota.com/team.php?q=1447&team=Fnatic.MY","Fnatic.MY","","RADIANT","Finals","1","31.33","43; -19"
"http://www.datdota.com/match.php?q=1365609384","1365609384","","04/01/15","http://www.datdota.com/tournament.php?q=413&tournament=StarSeries%2012%20SEA%20Qualifiers","StarSeries 12 SEA Qualifiers","","http://www.datdota.com/team.php?q=7&team=SiG.Tr","SiG.Tr","","http://www.datdota.com/team.php?q=1447&team=Fnatic.MY","Fnatic.MY","","DIRE","LB Finals","2","30.2","14; -31"
"http://www.datdota.com/match.php?q=1365516919","1365516919","","04/01/15","http://www.datdota.com/tournament.php?q=413&tournament=StarSeries%2012%20SEA%20Qualifiers","StarSeries 12 SEA Qualifiers","","http://www.datdota.com/team.php?q=7&team=SiG.Tr","SiG.Tr","","http://www.datdota.com/team.php?q=1447&team=Fnatic.MY","Fnatic.MY","","DIRE","LB Finals","1","16.38","3; -24"
"http://www.datdota.com/match.php?q=1363088891","1363088891","","03/31/15","http://www.datdota.com/tournament.php?q=413&tournament=StarSeries%2012%20SEA%20Qualifiers","StarSeries 12 SEA Qualifiers","","http://www.datdota.com/team.php?q=1447&team=Fnatic.MY","Fnatic.MY","","http://www.datdota.com/team.php?q=105&team=Mineski","Mineski","","RADIANT","LB Semifinals","1","41.1","22; -24"
"http://www.datdota.com/match.php?q=1361461726","1361461726","","03/30/15","http://www.datdota.com/tournament.php?q=416&tournament=GEST%20SEA%20Cup","GEST SEA Cup","","http://www.datdota.com/team.php?q=1723&team=5eva","5eva","","http://www.datdota.com/team.php?q=1447&team=Fnatic.MY","Fnatic.MY","","DIRE","Quarterfinals","2","61.03","37; -38"
"http://www.datdota.com/match.php?q=1361289854","1361289854","","03/30/15","http://www.datdota.com/tournament.php?q=416&tournament=GEST%20SEA%20Cup","GEST SEA Cup","","http://www.datdota.com/team.php?q=1447&team=Fnatic.MY","Fnatic.MY","","http://www.datdota.com/team.php?q=1723&team=5eva","5eva","","RADIANT","Quarterfinals","1","39.72","42; -9"
"http://www.datdota.com/match.php?q=1360872526","1360872526","","03/30/15","http://www.datdota.com/tournament.php?q=413&tournament=StarSeries%2012%20SEA%20Qualifiers","StarSeries 12 SEA Qualifiers","","http://www.datdota.com/team.php?q=1447&team=Fnatic.MY","Fnatic.MY","","http://www.datdota.com/team.php?q=917&team=MVP%20Phoenix","MVP Phoenix","","DIRE","UB Semifinals","2","36.88","15; -28"
"http://www.datdota.com/match.php?q=1360780201","1360780201","","03/30/15","http://www.datdota.com/tournament.php?q=413&tournament=StarSeries%2012%20SEA%20Qualifiers","StarSeries 12 SEA Qualifiers","","http://www.datdota.com/team.php?q=917&team=MVP%20Phoenix","MVP Phoenix","","http://www.datdota.com/team.php?q=1447&team=Fnatic.MY","Fnatic.MY","","RADIANT","UB Semifinals","1","25.28","34; -13"
"http://www.datdota.com/match.php?q=1085741062","1085741062","","12/12/14","http://www.datdota.com/tournament.php?q=357&tournament=StarSeries%20XI%20SEA","StarSeries XI SEA","","http://www.datdota.com/team.php?q=1447&team=Fnatic.MY","Fnatic.MY","","http://www.datdota.com/team.php?q=917&team=MVP%20Phoenix","MVP Phoenix","","RADIANT","Group Stage","1","25.08","31; -9"
"http://www.datdota.com/match.php?q=1060283420","1060283420","","11/30/14","http://www.datdota.com/tournament.php?q=346&tournament=MPGL%202014%20Finals","MPGL 2014 Finals","","http://www.datdota.com/team.php?q=1447&team=Fnatic.MY","Fnatic.MY","","http://www.datdota.com/team.php?q=1451&team=Aces","Aces","","DIRE","LB Semifinals","3","49.02","14; -34"
"http://www.datdota.com/match.php?q=1060123156","1060123156","","11/30/14","http://www.datdota.com/tournament.php?q=346&tournament=MPGL%202014%20Finals","MPGL 2014 Finals","","http://www.datdota.com/team.php?q=1451&team=Aces","Aces","","http://www.datdota.com/team.php?q=1447&team=Fnatic.MY","Fnatic.MY","","RADIANT","LB Semifinals","2","40.97","24; -22"
