match_link,match_link/_text,match_link/_title,date_value,tournament_link,tournament_link/_text,tournament_link/_title,tournament_link_prices,radiant_link,radiant_link/_text,radiant_link/_title,dire_link,dire_link/_text,dire_link/_title,winner_value,round_value,game_number,time_number,score_number
"http://www.datdota.com/match.php?q=2194260255","2194260255","","03/03/16","http://www.datdota.com/tournament.php?q=525&tournament=Shanghai%20Major%20Finals","Shanghai Major Finals","","","http://www.datdota.com/team.php?q=1447&team=Fnatic.MY","Fnatic.MY","","http://www.datdota.com/team.php?q=1102&team=Nb","Nb","","RADIANT","","","29.88","18; -9"
"http://www.datdota.com/match.php?q=2192542709","2192542709","","03/02/16","http://www.datdota.com/tournament.php?q=525&tournament=Shanghai%20Major%20Finals","Shanghai Major Finals","","","http://www.datdota.com/team.php?q=1102&team=Nb","Nb","","http://www.datdota.com/team.php?q=1242&team=CDEC","CDEC","","RADIANT","","","62.28","34; -23"
"http://www.datdota.com/match.php?q=2182565525","2182565525","","02/27/16","http://www.datdota.com/tournament.php?q=525&tournament=Shanghai%20Major%20Finals","Shanghai Major Finals","","","http://www.datdota.com/team.php?q=14&team=LGD.cn","LGD.cn","","http://www.datdota.com/team.php?q=1102&team=Nb","Nb","","RADIANT","","","28.43","25; -11"
"http://www.datdota.com/match.php?q=2182314158","2182314158","","02/27/16","http://www.datdota.com/tournament.php?q=525&tournament=Shanghai%20Major%20Finals","Shanghai Major Finals","","","http://www.datdota.com/team.php?q=1102&team=Nb","Nb","","http://www.datdota.com/team.php?q=14&team=LGD.cn","LGD.cn","","DIRE","","","58.62","7; -25"
"http://www.datdota.com/match.php?q=2181519569","2181519569","","02/26/16","http://www.datdota.com/tournament.php?q=525&tournament=Shanghai%20Major%20Finals","Shanghai Major Finals","","","http://www.datdota.com/team.php?q=1102&team=Nb","Nb","","http://www.datdota.com/team.php?q=1792&team=Archon","Archon","","RADIANT","","","39.98","38; -14"
"http://www.datdota.com/match.php?q=2181387942","2181387942","","02/26/16","http://www.datdota.com/tournament.php?q=525&tournament=Shanghai%20Major%20Finals","Shanghai Major Finals","","","http://www.datdota.com/team.php?q=1792&team=Archon","Archon","","http://www.datdota.com/team.php?q=1102&team=Nb","Nb","","DIRE","","","46.6","23; -29"
"http://www.datdota.com/match.php?q=2181195992","2181195992","","02/26/16","http://www.datdota.com/tournament.php?q=525&tournament=Shanghai%20Major%20Finals","Shanghai Major Finals","","","http://www.datdota.com/team.php?q=1102&team=Nb","Nb","","http://www.datdota.com/team.php?q=14&team=LGD.cn","LGD.cn","","DIRE","","","52.15","15; -25"
"http://www.datdota.com/match.php?q=2181130001","2181130001","","02/26/16","http://www.datdota.com/tournament.php?q=525&tournament=Shanghai%20Major%20Finals","Shanghai Major Finals","","","http://www.datdota.com/team.php?q=1102&team=Nb","Nb","","http://www.datdota.com/team.php?q=14&team=LGD.cn","LGD.cn","","RADIANT","","","21.03","27; -9"
"http://www.datdota.com/match.php?q=2181038082","2181038082","","02/26/16","http://www.datdota.com/tournament.php?q=525&tournament=Shanghai%20Major%20Finals","Shanghai Major Finals","","","http://www.datdota.com/team.php?q=14&team=LGD.cn","LGD.cn","","http://www.datdota.com/team.php?q=1102&team=Nb","Nb","","RADIANT","","","43.32","34; -16"
"http://www.datdota.com/match.php?q=2114856246","2114856246","","01/30/16","http://www.datdota.com/tournament.php?q=535&tournament=MarsTV%20League%20Winter%202015%20Finals","MarsTV League Winter 2015 Finals","","","http://www.datdota.com/team.php?q=14&team=LGD.cn","LGD.cn","","http://www.datdota.com/team.php?q=1102&team=Nb","Nb","","RADIANT","","","30.42","24; -9"
"http://www.datdota.com/match.php?q=2114744832","2114744832","","01/29/16","http://www.datdota.com/tournament.php?q=535&tournament=MarsTV%20League%20Winter%202015%20Finals","MarsTV League Winter 2015 Finals","","","http://www.datdota.com/team.php?q=14&team=LGD.cn","LGD.cn","","http://www.datdota.com/team.php?q=1102&team=Nb","Nb","","DIRE","","","26.75","5; -21"
"http://www.datdota.com/match.php?q=2114632374","2114632374","","01/29/16","http://www.datdota.com/tournament.php?q=535&tournament=MarsTV%20League%20Winter%202015%20Finals","MarsTV League Winter 2015 Finals","","","http://www.datdota.com/team.php?q=1102&team=Nb","Nb","","http://www.datdota.com/team.php?q=14&team=LGD.cn","LGD.cn","","DIRE","","","32.38","7; -21"
"http://www.datdota.com/match.php?q=2112310424","2112310424","","01/29/16","http://www.datdota.com/tournament.php?q=535&tournament=MarsTV%20League%20Winter%202015%20Finals","MarsTV League Winter 2015 Finals","","","http://www.datdota.com/team.php?q=1409&team=Secret","Secret","","http://www.datdota.com/team.php?q=1102&team=Nb","Nb","","DIRE","","","43.18","9; -23"
"http://www.datdota.com/match.php?q=2112172308","2112172308","","01/28/16","http://www.datdota.com/tournament.php?q=535&tournament=MarsTV%20League%20Winter%202015%20Finals","MarsTV League Winter 2015 Finals","","","http://www.datdota.com/team.php?q=1409&team=Secret","Secret","","http://www.datdota.com/team.php?q=1102&team=Nb","Nb","","RADIANT","","","52.95","39; -23"
"http://www.datdota.com/match.php?q=2112056821","2112056821","","01/28/16","http://www.datdota.com/tournament.php?q=535&tournament=MarsTV%20League%20Winter%202015%20Finals","MarsTV League Winter 2015 Finals","","","http://www.datdota.com/team.php?q=1409&team=Secret","Secret","","http://www.datdota.com/team.php?q=1102&team=Nb","Nb","","DIRE","","","50.25","16; -24"
"http://www.datdota.com/match.php?q=2109840528","2109840528","","01/27/16","http://www.datdota.com/tournament.php?q=535&tournament=MarsTV%20League%20Winter%202015%20Finals","MarsTV League Winter 2015 Finals","","","http://www.datdota.com/team.php?q=66&team=EG","EG","","http://www.datdota.com/team.php?q=1102&team=Nb","Nb","","RADIANT","","","35.87","22; -17"
"http://www.datdota.com/match.php?q=2109725036","2109725036","","01/27/16","http://www.datdota.com/tournament.php?q=535&tournament=MarsTV%20League%20Winter%202015%20Finals","MarsTV League Winter 2015 Finals","","","http://www.datdota.com/team.php?q=1102&team=Nb","Nb","","http://www.datdota.com/team.php?q=1900&team=OG","OG","","DIRE","","","14.45","7; -17"
"http://www.datdota.com/match.php?q=2109659438","2109659438","","01/27/16","http://www.datdota.com/tournament.php?q=535&tournament=MarsTV%20League%20Winter%202015%20Finals","MarsTV League Winter 2015 Finals","","","http://www.datdota.com/team.php?q=1102&team=Nb","Nb","","http://www.datdota.com/team.php?q=1900&team=OG","OG","","DIRE","","","44.25","19; -24"
"http://www.datdota.com/match.php?q=2108797408","2108797408","","01/27/16","http://www.datdota.com/tournament.php?q=535&tournament=MarsTV%20League%20Winter%202015%20Finals","MarsTV League Winter 2015 Finals","","","http://www.datdota.com/team.php?q=66&team=EG","EG","","http://www.datdota.com/team.php?q=1102&team=Nb","Nb","","DIRE","","","53.18","13; -45"
"http://www.datdota.com/match.php?q=2108580048","2108580048","","01/27/16","http://www.datdota.com/tournament.php?q=535&tournament=MarsTV%20League%20Winter%202015%20Finals","MarsTV League Winter 2015 Finals","","","http://www.datdota.com/team.php?q=1102&team=Nb","Nb","","http://www.datdota.com/team.php?q=66&team=EG","EG","","DIRE","","","58.37","31; -22"
"http://www.datdota.com/match.php?q=2108218114","2108218114","","01/27/16","http://www.datdota.com/tournament.php?q=535&tournament=MarsTV%20League%20Winter%202015%20Finals","MarsTV League Winter 2015 Finals","","","http://www.datdota.com/team.php?q=240&team=VG","VG","","http://www.datdota.com/team.php?q=1102&team=Nb","Nb","","RADIANT","","","33.3","22; -24"
"http://www.datdota.com/match.php?q=2108085999","2108085999","","01/27/16","http://www.datdota.com/tournament.php?q=535&tournament=MarsTV%20League%20Winter%202015%20Finals","MarsTV League Winter 2015 Finals","","","http://www.datdota.com/team.php?q=1102&team=Nb","Nb","","http://www.datdota.com/team.php?q=240&team=VG","VG","","RADIANT","","","44.85","21; -15"
"http://www.datdota.com/match.php?q=2107957556","2107957556","","01/27/16","http://www.datdota.com/tournament.php?q=535&tournament=MarsTV%20League%20Winter%202015%20Finals","MarsTV League Winter 2015 Finals","","","http://www.datdota.com/team.php?q=1959&team=TSpirit","TSpirit","","http://www.datdota.com/team.php?q=1102&team=Nb","Nb","","DIRE","","","23.07","7; -35"
"http://www.datdota.com/match.php?q=2107839445","2107839445","","01/26/16","http://www.datdota.com/tournament.php?q=535&tournament=MarsTV%20League%20Winter%202015%20Finals","MarsTV League Winter 2015 Finals","","","http://www.datdota.com/team.php?q=1102&team=Nb","Nb","","http://www.datdota.com/team.php?q=1959&team=TSpirit","TSpirit","","DIRE","","","46.7","16; -26"
"http://www.datdota.com/match.php?q=2101792278","2101792278","","01/24/16","http://www.datdota.com/tournament.php?q=529&tournament=MarsTV%20League%202015%20China%20Qualifiers","MarsTV League 2015 China Qualifiers","","","http://www.datdota.com/team.php?q=1102&team=Nb","Nb","","http://www.datdota.com/team.php?q=1974&team=CDEC.Y%202","CDEC.Y 2","","RADIANT","Finals","4","24.18","23; -3"
"http://www.datdota.com/match.php?q=2101585345","2101585345","","01/24/16","http://www.datdota.com/tournament.php?q=529&tournament=MarsTV%20League%202015%20China%20Qualifiers","MarsTV League 2015 China Qualifiers","","","http://www.datdota.com/team.php?q=1974&team=CDEC.Y%202","CDEC.Y 2","","http://www.datdota.com/team.php?q=1102&team=Nb","Nb","","DIRE","Finals","3","58.5","21; -38"
"http://www.datdota.com/match.php?q=2101449868","2101449868","","01/24/16","http://www.datdota.com/tournament.php?q=529&tournament=MarsTV%20League%202015%20China%20Qualifiers","MarsTV League 2015 China Qualifiers","","","http://www.datdota.com/team.php?q=1102&team=Nb","Nb","","http://www.datdota.com/team.php?q=1974&team=CDEC.Y%202","CDEC.Y 2","","DIRE","Finals","2","30.42","10; -20"
"http://www.datdota.com/match.php?q=2101299053","2101299053","","01/24/16","http://www.datdota.com/tournament.php?q=529&tournament=MarsTV%20League%202015%20China%20Qualifiers","MarsTV League 2015 China Qualifiers","","","http://www.datdota.com/team.php?q=1974&team=CDEC.Y%202","CDEC.Y 2","","http://www.datdota.com/team.php?q=1102&team=Nb","Nb","","DIRE","Finals","1","42.25","8; -20"
"http://www.datdota.com/match.php?q=2098362817","2098362817","","01/22/16","http://www.datdota.com/tournament.php?q=529&tournament=MarsTV%20League%202015%20China%20Qualifiers","MarsTV League 2015 China Qualifiers","","","http://www.datdota.com/team.php?q=1102&team=Nb","Nb","","http://www.datdota.com/team.php?q=158&team=TongFu","TongFu","","RADIANT","UB Finals","3","40.6","44; -19"
"http://www.datdota.com/match.php?q=2098216500","2098216500","","01/22/16","http://www.datdota.com/tournament.php?q=529&tournament=MarsTV%20League%202015%20China%20Qualifiers","MarsTV League 2015 China Qualifiers","","","http://www.datdota.com/team.php?q=1102&team=Nb","Nb","","http://www.datdota.com/team.php?q=158&team=TongFu","TongFu","","RADIANT","UB Finals","2","52.65","28; -28"
"http://www.datdota.com/match.php?q=2098136969","2098136969","","01/22/16","http://www.datdota.com/tournament.php?q=529&tournament=MarsTV%20League%202015%20China%20Qualifiers","MarsTV League 2015 China Qualifiers","","","http://www.datdota.com/team.php?q=158&team=TongFu","TongFu","","http://www.datdota.com/team.php?q=1102&team=Nb","Nb","","RADIANT","UB Finals","1","23.42","26; -7"
"http://www.datdota.com/match.php?q=2093833326","2093833326","","01/21/16","http://www.datdota.com/tournament.php?q=529&tournament=MarsTV%20League%202015%20China%20Qualifiers","MarsTV League 2015 China Qualifiers","","","http://www.datdota.com/team.php?q=1974&team=CDEC.Y%202","CDEC.Y 2","","http://www.datdota.com/team.php?q=1102&team=Nb","Nb","","DIRE","UB Semifinals","3","38.95","9; -36"
"http://www.datdota.com/match.php?q=2093670236","2093670236","","01/21/16","http://www.datdota.com/tournament.php?q=529&tournament=MarsTV%20League%202015%20China%20Qualifiers","MarsTV League 2015 China Qualifiers","","","http://www.datdota.com/team.php?q=1102&team=Nb","Nb","","http://www.datdota.com/team.php?q=1974&team=CDEC.Y%202","CDEC.Y 2","","RADIANT","UB Semifinals","2","59.05","19; -20"
"http://www.datdota.com/match.php?q=2093575297","2093575297","","01/20/16","http://www.datdota.com/tournament.php?q=529&tournament=MarsTV%20League%202015%20China%20Qualifiers","MarsTV League 2015 China Qualifiers","","","http://www.datdota.com/team.php?q=1974&team=CDEC.Y%202","CDEC.Y 2","","http://www.datdota.com/team.php?q=1102&team=Nb","Nb","","RADIANT","UB Semifinals","1","38.13","36; -20"
"http://www.datdota.com/match.php?q=2092314362","2092314362","","01/20/16","http://www.datdota.com/tournament.php?q=529&tournament=MarsTV%20League%202015%20China%20Qualifiers","MarsTV League 2015 China Qualifiers","","","http://www.datdota.com/team.php?q=1940&team=Way","Way","","http://www.datdota.com/team.php?q=1102&team=Nb","Nb","","DIRE","UB Quarterfinals","2","27.3","9; -25"
"http://www.datdota.com/match.php?q=2092197627","2092197627","","01/20/16","http://www.datdota.com/tournament.php?q=529&tournament=MarsTV%20League%202015%20China%20Qualifiers","MarsTV League 2015 China Qualifiers","","","http://www.datdota.com/team.php?q=1102&team=Nb","Nb","","http://www.datdota.com/team.php?q=1940&team=Way","Way","","RADIANT","UB Quarterfinals","1","30.85","34; -7"
"http://www.datdota.com/match.php?q=2068680329","2068680329","","01/10/16","http://www.datdota.com/tournament.php?q=526&tournament=Shanghai%20Major%20China%20Qualifiers","Shanghai Major China Qualifiers","","","http://www.datdota.com/team.php?q=1102&team=Nb","Nb","","http://www.datdota.com/team.php?q=1975&team=iG.V","iG.V","","RADIANT","LB Finals","2","36.62","33; -11"
"http://www.datdota.com/match.php?q=2068547220","2068547220","","01/10/16","http://www.datdota.com/tournament.php?q=526&tournament=Shanghai%20Major%20China%20Qualifiers","Shanghai Major China Qualifiers","","","http://www.datdota.com/team.php?q=1102&team=Nb","Nb","","http://www.datdota.com/team.php?q=1975&team=iG.V","iG.V","","RADIANT","LB Finals","1","37.38","18; -8"
"http://www.datdota.com/match.php?q=2068342969","2068342969","","01/10/16","http://www.datdota.com/tournament.php?q=526&tournament=Shanghai%20Major%20China%20Qualifiers","Shanghai Major China Qualifiers","","","http://www.datdota.com/team.php?q=1102&team=Nb","Nb","","http://www.datdota.com/team.php?q=2201&team=CDEC.A","CDEC.A","","RADIANT","LB Semifinals","3","45.45","25; -14"
"http://www.datdota.com/match.php?q=2068205321","2068205321","","01/09/16","http://www.datdota.com/tournament.php?q=526&tournament=Shanghai%20Major%20China%20Qualifiers","Shanghai Major China Qualifiers","","","http://www.datdota.com/team.php?q=1102&team=Nb","Nb","","http://www.datdota.com/team.php?q=2201&team=CDEC.A","CDEC.A","","RADIANT","LB Semifinals","2","46.6","32; -20"
"http://www.datdota.com/match.php?q=2068092670","2068092670","","01/09/16","http://www.datdota.com/tournament.php?q=526&tournament=Shanghai%20Major%20China%20Qualifiers","Shanghai Major China Qualifiers","","","http://www.datdota.com/team.php?q=2201&team=CDEC.A","CDEC.A","","http://www.datdota.com/team.php?q=1102&team=Nb","Nb","","RADIANT","LB Semifinals","1","29.72","20; -9"
"http://www.datdota.com/match.php?q=2065193805","2065193805","","01/08/16","http://www.datdota.com/tournament.php?q=526&tournament=Shanghai%20Major%20China%20Qualifiers","Shanghai Major China Qualifiers","","","http://www.datdota.com/team.php?q=1102&team=Nb","Nb","","http://www.datdota.com/team.php?q=14&team=LGD.cn","LGD.cn","","DIRE","UB Semifinals","3","50.05","16; -21"
"http://www.datdota.com/match.php?q=2065112786","2065112786","","01/08/16","http://www.datdota.com/tournament.php?q=526&tournament=Shanghai%20Major%20China%20Qualifiers","Shanghai Major China Qualifiers","","","http://www.datdota.com/team.php?q=1102&team=Nb","Nb","","http://www.datdota.com/team.php?q=14&team=LGD.cn","LGD.cn","","RADIANT","UB Semifinals","2","32.7","28; -11"
"http://www.datdota.com/match.php?q=2065046175","2065046175","","01/08/16","http://www.datdota.com/tournament.php?q=526&tournament=Shanghai%20Major%20China%20Qualifiers","Shanghai Major China Qualifiers","","","http://www.datdota.com/team.php?q=1102&team=Nb","Nb","","http://www.datdota.com/team.php?q=14&team=LGD.cn","LGD.cn","","DIRE","UB Semifinals","1","26.87","4; -17"
"http://www.datdota.com/match.php?q=2063816118","2063816118","","01/08/16","http://www.datdota.com/tournament.php?q=526&tournament=Shanghai%20Major%20China%20Qualifiers","Shanghai Major China Qualifiers","","","http://www.datdota.com/team.php?q=1427&team=Wings","Wings","","http://www.datdota.com/team.php?q=1102&team=Nb","Nb","","DIRE","Tiebreaker","1","39.85","14; -27"
"http://www.datdota.com/match.php?q=2063614085","2063614085","","01/08/16","http://www.datdota.com/tournament.php?q=526&tournament=Shanghai%20Major%20China%20Qualifiers","Shanghai Major China Qualifiers","","","http://www.datdota.com/team.php?q=2201&team=CDEC.A","CDEC.A","","http://www.datdota.com/team.php?q=1102&team=Nb","Nb","","DIRE","Group Stage","2","31.4","4; -22"
"http://www.datdota.com/match.php?q=2063470904","2063470904","","01/08/16","http://www.datdota.com/tournament.php?q=526&tournament=Shanghai%20Major%20China%20Qualifiers","Shanghai Major China Qualifiers","","","http://www.datdota.com/team.php?q=2201&team=CDEC.A","CDEC.A","","http://www.datdota.com/team.php?q=1102&team=Nb","Nb","","RADIANT","Group Stage","1","28.57","32; -11"
"http://www.datdota.com/match.php?q=2063221959","2063221959","","01/08/16","http://www.datdota.com/tournament.php?q=526&tournament=Shanghai%20Major%20China%20Qualifiers","Shanghai Major China Qualifiers","","","http://www.datdota.com/team.php?q=1488&team=Newbee.Y","Newbee.Y","","http://www.datdota.com/team.php?q=1102&team=Nb","Nb","","DIRE","Group Stage","2","82.5","19; -34"
"http://www.datdota.com/match.php?q=2063091352","2063091352","","01/08/16","http://www.datdota.com/tournament.php?q=526&tournament=Shanghai%20Major%20China%20Qualifiers","Shanghai Major China Qualifiers","","","http://www.datdota.com/team.php?q=1102&team=Nb","Nb","","http://www.datdota.com/team.php?q=1488&team=Newbee.Y","Newbee.Y","","RADIANT","Group Stage","1","47.27","24; -17"
"http://www.datdota.com/match.php?q=2062698655","2062698655","","01/07/16","http://www.datdota.com/tournament.php?q=526&tournament=Shanghai%20Major%20China%20Qualifiers","Shanghai Major China Qualifiers","","","http://www.datdota.com/team.php?q=1102&team=Nb","Nb","","http://www.datdota.com/team.php?q=1427&team=Wings","Wings","","RADIANT","Group Stage","2","26","27; -6"
"http://www.datdota.com/match.php?q=2062642139","2062642139","","01/07/16","http://www.datdota.com/tournament.php?q=526&tournament=Shanghai%20Major%20China%20Qualifiers","Shanghai Major China Qualifiers","","","http://www.datdota.com/team.php?q=1427&team=Wings","Wings","","http://www.datdota.com/team.php?q=1102&team=Nb","Nb","","RADIANT","Group Stage","1","25.03","21; -4"
"http://www.datdota.com/match.php?q=2061229184","2061229184","","01/07/16","http://www.datdota.com/tournament.php?q=526&tournament=Shanghai%20Major%20China%20Qualifiers","Shanghai Major China Qualifiers","","","http://www.datdota.com/team.php?q=1974&team=CDEC.Y%202","CDEC.Y 2","","http://www.datdota.com/team.php?q=1102&team=Nb","Nb","","DIRE","Group Stage","2","44.7","19; -38"
"http://www.datdota.com/match.php?q=2061039829","2061039829","","01/07/16","http://www.datdota.com/tournament.php?q=526&tournament=Shanghai%20Major%20China%20Qualifiers","Shanghai Major China Qualifiers","","","http://www.datdota.com/team.php?q=1102&team=Nb","Nb","","http://www.datdota.com/team.php?q=1974&team=CDEC.Y%202","CDEC.Y 2","","DIRE","Group Stage","1","55.5","30; -26"
"http://www.datdota.com/match.php?q=1990288169","1990288169","","12/09/15","http://www.datdota.com/tournament.php?q=519&tournament=Radiant%20Dire%20Cup%202015%20Qualifiers","Radiant Dire Cup 2015 Qualifiers","","2015","http://www.datdota.com/team.php?q=1102&team=Nb","Nb","","http://www.datdota.com/team.php?q=1902&team=FTD.B","FTD.B","","DIRE","","","43.15","34; -37"
"http://www.datdota.com/match.php?q=1990205250","1990205250","","12/09/15","http://www.datdota.com/tournament.php?q=519&tournament=Radiant%20Dire%20Cup%202015%20Qualifiers","Radiant Dire Cup 2015 Qualifiers","","2015","http://www.datdota.com/team.php?q=1902&team=FTD.B","FTD.B","","http://www.datdota.com/team.php?q=1102&team=Nb","Nb","","RADIANT","","","29.4","33; -25"
"http://www.datdota.com/match.php?q=1988156275","1988156275","","12/08/15","http://www.datdota.com/tournament.php?q=519&tournament=Radiant%20Dire%20Cup%202015%20Qualifiers","Radiant Dire Cup 2015 Qualifiers","","2015","http://www.datdota.com/team.php?q=1921&team=FanTuan","FanTuan","","http://www.datdota.com/team.php?q=1102&team=Nb","Nb","","RADIANT","","","59.65","43; -33"
"http://www.datdota.com/match.php?q=1988057006","1988057006","","12/08/15","http://www.datdota.com/tournament.php?q=519&tournament=Radiant%20Dire%20Cup%202015%20Qualifiers","Radiant Dire Cup 2015 Qualifiers","","2015","http://www.datdota.com/team.php?q=1102&team=Nb","Nb","","http://www.datdota.com/team.php?q=1921&team=FanTuan","FanTuan","","DIRE","","","30.43","21; -27"
"http://www.datdota.com/match.php?q=1986323827","1986323827","","12/07/15","http://www.datdota.com/tournament.php?q=519&tournament=Radiant%20Dire%20Cup%202015%20Qualifiers","Radiant Dire Cup 2015 Qualifiers","","2015","http://www.datdota.com/team.php?q=1102&team=Nb","Nb","","http://www.datdota.com/team.php?q=1975&team=iG.V","iG.V","","DIRE","","","31.38","20; -37"
"http://www.datdota.com/match.php?q=1986226788","1986226788","","12/07/15","http://www.datdota.com/tournament.php?q=519&tournament=Radiant%20Dire%20Cup%202015%20Qualifiers","Radiant Dire Cup 2015 Qualifiers","","2015","http://www.datdota.com/team.php?q=1975&team=iG.V","iG.V","","http://www.datdota.com/team.php?q=1102&team=Nb","Nb","","DIRE","","","20.57","6; -28"
"http://www.datdota.com/match.php?q=1986033095","1986033095","","12/07/15","http://www.datdota.com/tournament.php?q=519&tournament=Radiant%20Dire%20Cup%202015%20Qualifiers","Radiant Dire Cup 2015 Qualifiers","","2015","http://www.datdota.com/team.php?q=158&team=TongFu","TongFu","","http://www.datdota.com/team.php?q=1102&team=Nb","Nb","","DIRE","","","58.48","43; -47"
"http://www.datdota.com/match.php?q=1985948156","1985948156","","12/07/15","http://www.datdota.com/tournament.php?q=519&tournament=Radiant%20Dire%20Cup%202015%20Qualifiers","Radiant Dire Cup 2015 Qualifiers","","2015","http://www.datdota.com/team.php?q=1102&team=Nb","Nb","","http://www.datdota.com/team.php?q=158&team=TongFu","TongFu","","DIRE","","","14.27","11; -18"
"http://www.datdota.com/match.php?q=1983789179","1983789179","","12/06/15","http://www.datdota.com/tournament.php?q=519&tournament=Radiant%20Dire%20Cup%202015%20Qualifiers","Radiant Dire Cup 2015 Qualifiers","","2015","http://www.datdota.com/team.php?q=1922&team=ESD","ESD","","http://www.datdota.com/team.php?q=1102&team=Nb","Nb","","DIRE","","","41.28","17; -32"
"http://www.datdota.com/match.php?q=1983670950","1983670950","","12/06/15","http://www.datdota.com/tournament.php?q=519&tournament=Radiant%20Dire%20Cup%202015%20Qualifiers","Radiant Dire Cup 2015 Qualifiers","","2015","http://www.datdota.com/team.php?q=1102&team=Nb","Nb","","http://www.datdota.com/team.php?q=1922&team=ESD","ESD","","RADIANT","","","32.73","53; -18"
"http://www.datdota.com/match.php?q=1981383777","1981383777","","12/05/15","http://www.datdota.com/tournament.php?q=519&tournament=Radiant%20Dire%20Cup%202015%20Qualifiers","Radiant Dire Cup 2015 Qualifiers","","2015","http://www.datdota.com/team.php?q=1102&team=Nb","Nb","","http://www.datdota.com/team.php?q=1976&team=EHOME.K%202","EHOME.K 2","","DIRE","","","62.05","25; -41"
"http://www.datdota.com/match.php?q=1981276967","1981276967","","12/05/15","http://www.datdota.com/tournament.php?q=519&tournament=Radiant%20Dire%20Cup%202015%20Qualifiers","Radiant Dire Cup 2015 Qualifiers","","2015","http://www.datdota.com/team.php?q=1976&team=EHOME.K%202","EHOME.K 2","","http://www.datdota.com/team.php?q=1102&team=Nb","Nb","","DIRE","","","30.68","16; -34"
"http://www.datdota.com/match.php?q=1981123655","1981123655","","12/05/15","http://www.datdota.com/tournament.php?q=519&tournament=Radiant%20Dire%20Cup%202015%20Qualifiers","Radiant Dire Cup 2015 Qualifiers","","2015","http://www.datdota.com/team.php?q=1102&team=Nb","Nb","","http://www.datdota.com/team.php?q=1427&team=Wings","Wings","","RADIANT","","","36.13","26; -18"
"http://www.datdota.com/match.php?q=1981005393","1981005393","","12/05/15","http://www.datdota.com/tournament.php?q=519&tournament=Radiant%20Dire%20Cup%202015%20Qualifiers","Radiant Dire Cup 2015 Qualifiers","","2015","http://www.datdota.com/team.php?q=1427&team=Wings","Wings","","http://www.datdota.com/team.php?q=1102&team=Nb","Nb","","RADIANT","","","31.33","32; -11"
"http://www.datdota.com/match.php?q=1940322974","1940322974","","11/16/15","http://www.datdota.com/tournament.php?q=501&tournament=Frankfurt%20Major%202015","Frankfurt Major 2015","","","http://www.datdota.com/team.php?q=1846&team=Team%20Unknown","Team Unknown","","http://www.datdota.com/team.php?q=1102&team=Nb","Nb","","RADIANT","LB Round of 32","1","40.43","27; -21"
"http://www.datdota.com/match.php?q=1933499561","1933499561","","11/13/15","http://www.datdota.com/tournament.php?q=501&tournament=Frankfurt%20Major%202015","Frankfurt Major 2015","","","http://www.datdota.com/team.php?q=1102&team=Nb","Nb","","http://www.datdota.com/team.php?q=1440&team=VP%202","VP 2","","DIRE","Group Stage","2","23.82","9; -23"
"http://www.datdota.com/match.php?q=1933436361","1933436361","","11/13/15","http://www.datdota.com/tournament.php?q=501&tournament=Frankfurt%20Major%202015","Frankfurt Major 2015","","","http://www.datdota.com/team.php?q=1440&team=VP%202","VP 2","","http://www.datdota.com/team.php?q=1102&team=Nb","Nb","","RADIANT","Group Stage","1","18.32","23; -7"
"http://www.datdota.com/match.php?q=1933313553","1933313553","","11/13/15","http://www.datdota.com/tournament.php?q=501&tournament=Frankfurt%20Major%202015","Frankfurt Major 2015","","","http://www.datdota.com/team.php?q=1447&team=Fnatic.MY","Fnatic.MY","","http://www.datdota.com/team.php?q=1102&team=Nb","Nb","","DIRE","Group Stage","2","45.95","18; -31"
"http://www.datdota.com/match.php?q=1933221699","1933221699","","11/13/15","http://www.datdota.com/tournament.php?q=501&tournament=Frankfurt%20Major%202015","Frankfurt Major 2015","","","http://www.datdota.com/team.php?q=1102&team=Nb","Nb","","http://www.datdota.com/team.php?q=1447&team=Fnatic.MY","Fnatic.MY","","RADIANT","Group Stage","1","29.42","32; -5"
"http://www.datdota.com/match.php?q=1932523720","1932523720","","11/13/15","http://www.datdota.com/tournament.php?q=501&tournament=Frankfurt%20Major%202015","Frankfurt Major 2015","","","http://www.datdota.com/team.php?q=1102&team=Nb","Nb","","http://www.datdota.com/team.php?q=1440&team=VP%202","VP 2","","DIRE","Group Stage","2","81.83","46; -56"
"http://www.datdota.com/match.php?q=1932432806","1932432806","","11/13/15","http://www.datdota.com/tournament.php?q=501&tournament=Frankfurt%20Major%202015","Frankfurt Major 2015","","","http://www.datdota.com/team.php?q=1102&team=Nb","Nb","","http://www.datdota.com/team.php?q=1440&team=VP%202","VP 2","","DIRE","Group Stage","1","30.67","11; -21"
"http://www.datdota.com/match.php?q=1911090627","1911090627","","11/03/15","http://www.datdota.com/tournament.php?q=497&tournament=The%20Summit%204%20China%20Qualifiers","The Summit 4 China Qualifiers","","","http://www.datdota.com/team.php?q=14&team=LGD.cn","LGD.cn","","http://www.datdota.com/team.php?q=1102&team=Nb","Nb","","RADIANT","LB Quarterfinals","2","32.55","24; -17"
"http://www.datdota.com/match.php?q=1910991045","1910991045","","11/03/15","http://www.datdota.com/tournament.php?q=497&tournament=The%20Summit%204%20China%20Qualifiers","The Summit 4 China Qualifiers","","","http://www.datdota.com/team.php?q=1102&team=Nb","Nb","","http://www.datdota.com/team.php?q=14&team=LGD.cn","LGD.cn","","DIRE","LB Quarterfinals","1","34.55","13; -24"
"http://www.datdota.com/match.php?q=1886473415","1886473415","","10/23/15","http://www.datdota.com/tournament.php?q=497&tournament=The%20Summit%204%20China%20Qualifiers","The Summit 4 China Qualifiers","","","http://www.datdota.com/team.php?q=1102&team=Nb","Nb","","http://www.datdota.com/team.php?q=2&team=EHOME","EHOME","","DIRE","UB Semifinals","2","30.6","20; -33"
"http://www.datdota.com/match.php?q=1886142429","1886142429","","10/23/15","http://www.datdota.com/tournament.php?q=497&tournament=The%20Summit%204%20China%20Qualifiers","The Summit 4 China Qualifiers","","","http://www.datdota.com/team.php?q=2&team=EHOME","EHOME","","http://www.datdota.com/team.php?q=1102&team=Nb","Nb","","RADIANT","UB Semifinals","1","42.62","26; -22"
"http://www.datdota.com/match.php?q=1879780861","1879780861","","10/20/15","http://www.datdota.com/tournament.php?q=497&tournament=The%20Summit%204%20China%20Qualifiers","The Summit 4 China Qualifiers","","","http://www.datdota.com/team.php?q=5&team=iG","iG","","http://www.datdota.com/team.php?q=1102&team=Nb","Nb","","DIRE","UB Quarterfinals","3","51.52","26; -32"
"http://www.datdota.com/match.php?q=1879676362","1879676362","","10/20/15","http://www.datdota.com/tournament.php?q=497&tournament=The%20Summit%204%20China%20Qualifiers","The Summit 4 China Qualifiers","","","http://www.datdota.com/team.php?q=1102&team=Nb","Nb","","http://www.datdota.com/team.php?q=5&team=iG","iG","","DIRE","UB Quarterfinals","2","41.23","22; -31"
"http://www.datdota.com/match.php?q=1879571109","1879571109","","10/20/15","http://www.datdota.com/tournament.php?q=497&tournament=The%20Summit%204%20China%20Qualifiers","The Summit 4 China Qualifiers","","","http://www.datdota.com/team.php?q=1102&team=Nb","Nb","","http://www.datdota.com/team.php?q=5&team=iG","iG","","RADIANT","UB Quarterfinals","1","42.1","24; -17"
"http://www.datdota.com/match.php?q=1865099413","1865099413","","10/13/15","http://www.datdota.com/tournament.php?q=503&tournament=FrankFurt%20Major%20China%20Qualifiers%202015","FrankFurt Major China Qualifiers 2015","","","http://www.datdota.com/team.php?q=1102&team=Nb","Nb","","http://www.datdota.com/team.php?q=5&team=iG","iG","","RADIANT","UB Finals","2","66.55","42; -35"
"http://www.datdota.com/match.php?q=1865038406","1865038406","","10/13/15","http://www.datdota.com/tournament.php?q=503&tournament=FrankFurt%20Major%20China%20Qualifiers%202015","FrankFurt Major China Qualifiers 2015","","","http://www.datdota.com/team.php?q=1102&team=Nb","Nb","","http://www.datdota.com/team.php?q=5&team=iG","iG","","RADIANT","UB Finals","1","39.4","26; -5"
"http://www.datdota.com/match.php?q=1863441528","1863441528","","10/13/15","http://www.datdota.com/tournament.php?q=503&tournament=FrankFurt%20Major%20China%20Qualifiers%202015","FrankFurt Major China Qualifiers 2015","","","http://www.datdota.com/team.php?q=1102&team=Nb","Nb","","http://www.datdota.com/team.php?q=1488&team=Newbee.Y","Newbee.Y","","RADIANT","UB Semifinals","3","31.9","21; -6"
"http://www.datdota.com/match.php?q=1863298747","1863298747","","10/13/15","http://www.datdota.com/tournament.php?q=503&tournament=FrankFurt%20Major%20China%20Qualifiers%202015","FrankFurt Major China Qualifiers 2015","","","http://www.datdota.com/team.php?q=1488&team=Newbee.Y","Newbee.Y","","http://www.datdota.com/team.php?q=1102&team=Nb","Nb","","RADIANT","UB Semifinals","2","60.3","38; -20"
"http://www.datdota.com/match.php?q=1863215565","1863215565","","10/12/15","http://www.datdota.com/tournament.php?q=503&tournament=FrankFurt%20Major%20China%20Qualifiers%202015","FrankFurt Major China Qualifiers 2015","","","http://www.datdota.com/team.php?q=1488&team=Newbee.Y","Newbee.Y","","http://www.datdota.com/team.php?q=1102&team=Nb","Nb","","DIRE","UB Semifinals","1","37.28","17; -30"
"http://www.datdota.com/match.php?q=1861709312","1861709312","","10/12/15","http://www.datdota.com/tournament.php?q=503&tournament=FrankFurt%20Major%20China%20Qualifiers%202015","FrankFurt Major China Qualifiers 2015","","","http://www.datdota.com/team.php?q=1903&team=CDEC.Y","CDEC.Y","","http://www.datdota.com/team.php?q=1102&team=Nb","Nb","","DIRE","Group Stage","2","34.63","13; -34"
"http://www.datdota.com/match.php?q=1861622706","1861622706","","10/12/15","http://www.datdota.com/tournament.php?q=503&tournament=FrankFurt%20Major%20China%20Qualifiers%202015","FrankFurt Major China Qualifiers 2015","","","http://www.datdota.com/team.php?q=1903&team=CDEC.Y","CDEC.Y","","http://www.datdota.com/team.php?q=1102&team=Nb","Nb","","DIRE","Group Stage","1","24.28","15; -34"
"http://www.datdota.com/match.php?q=1861488625","1861488625","","10/12/15","http://www.datdota.com/tournament.php?q=503&tournament=FrankFurt%20Major%20China%20Qualifiers%202015","FrankFurt Major China Qualifiers 2015","","","http://www.datdota.com/team.php?q=158&team=TongFu","TongFu","","http://www.datdota.com/team.php?q=1102&team=Nb","Nb","","DIRE","Group Stage","2","25.32","6; -17"
"http://www.datdota.com/match.php?q=1861360278","1861360278","","10/12/15","http://www.datdota.com/tournament.php?q=503&tournament=FrankFurt%20Major%20China%20Qualifiers%202015","FrankFurt Major China Qualifiers 2015","","","http://www.datdota.com/team.php?q=1102&team=Nb","Nb","","http://www.datdota.com/team.php?q=158&team=TongFu","TongFu","","DIRE","Group Stage","1","51.93","18; -32"
"http://www.datdota.com/match.php?q=1861011739","1861011739","","10/11/15","http://www.datdota.com/tournament.php?q=503&tournament=FrankFurt%20Major%20China%20Qualifiers%202015","FrankFurt Major China Qualifiers 2015","","","http://www.datdota.com/team.php?q=1902&team=FTD.B","FTD.B","","http://www.datdota.com/team.php?q=1102&team=Nb","Nb","","DIRE","Group Stage","2","45.83","17; -30"
"http://www.datdota.com/match.php?q=1860959550","1860959550","","10/11/15","http://www.datdota.com/tournament.php?q=503&tournament=FrankFurt%20Major%20China%20Qualifiers%202015","FrankFurt Major China Qualifiers 2015","","","http://www.datdota.com/team.php?q=1902&team=FTD.B","FTD.B","","http://www.datdota.com/team.php?q=1102&team=Nb","Nb","","DIRE","Group Stage","1","24.68","13; -28"
"http://www.datdota.com/match.php?q=1858827329","1858827329","","10/11/15","http://www.datdota.com/tournament.php?q=503&tournament=FrankFurt%20Major%20China%20Qualifiers%202015","FrankFurt Major China Qualifiers 2015","","","http://www.datdota.com/team.php?q=1427&team=Wings","Wings","","http://www.datdota.com/team.php?q=1102&team=Nb","Nb","","DIRE","Group Stage","1","27.05","12; -27"
"http://www.datdota.com/match.php?q=1858684286","1858684286","","10/11/15","http://www.datdota.com/tournament.php?q=503&tournament=FrankFurt%20Major%20China%20Qualifiers%202015","FrankFurt Major China Qualifiers 2015","","","http://www.datdota.com/team.php?q=1102&team=Nb","Nb","","http://www.datdota.com/team.php?q=1427&team=Wings","Wings","","RADIANT","Group Stage","2","38.23","35; -11"
"http://www.datdota.com/match.php?q=1809234301","1809234301","","09/21/15","http://www.datdota.com/tournament.php?q=483&tournament=NanYang%20China%20Qualifiers","NanYang China Qualifiers","","","http://www.datdota.com/team.php?q=1102&team=Nb","Nb","","http://www.datdota.com/team.php?q=158&team=TongFu","TongFu","","DIRE","LB Quarterfinals","1","31.62","11; -29"
"http://www.datdota.com/match.php?q=1807878462","1807878462","","09/20/15","http://www.datdota.com/tournament.php?q=476&tournament=ESL%20One%20NY%202015%20China%20Qualifiers","ESL One NY 2015 China Qualifiers","","","http://www.datdota.com/team.php?q=5&team=iG","iG","","http://www.datdota.com/team.php?q=1102&team=Nb","Nb","","RADIANT","Quarterfinals","3","29.02","26; -10"
"http://www.datdota.com/match.php?q=1807738402","1807738402","","09/20/15","http://www.datdota.com/tournament.php?q=476&tournament=ESL%20One%20NY%202015%20China%20Qualifiers","ESL One NY 2015 China Qualifiers","","","http://www.datdota.com/team.php?q=1102&team=Nb","Nb","","http://www.datdota.com/team.php?q=5&team=iG","iG","","DIRE","Quarterfinals","2","28.75","3; -29"
"http://www.datdota.com/match.php?q=1807579893","1807579893","","09/20/15","http://www.datdota.com/tournament.php?q=476&tournament=ESL%20One%20NY%202015%20China%20Qualifiers","ESL One NY 2015 China Qualifiers","","","http://www.datdota.com/team.php?q=5&team=iG","iG","","http://www.datdota.com/team.php?q=1102&team=Nb","Nb","","DIRE","Quarterfinals","1","36.32","12; -33"
"http://www.datdota.com/match.php?q=1804650114","1804650114","","09/19/15","http://www.datdota.com/tournament.php?q=483&tournament=NanYang%20China%20Qualifiers","NanYang China Qualifiers","","","http://www.datdota.com/team.php?q=1102&team=Nb","Nb","","http://www.datdota.com/team.php?q=1902&team=FTD.B","FTD.B","","RADIANT","LB Round of 16","1","81.13","46; -37"
"http://www.datdota.com/match.php?q=1804469868","1804469868","","09/19/15","http://www.datdota.com/tournament.php?q=483&tournament=NanYang%20China%20Qualifiers","NanYang China Qualifiers","","","http://www.datdota.com/team.php?q=1102&team=Nb","Nb","","http://www.datdota.com/team.php?q=1903&team=CDEC.Y","CDEC.Y","","DIRE","UB Quarterfinals","2","27.47","17; -29"
"http://www.datdota.com/match.php?q=1804370401","1804370401","","09/19/15","http://www.datdota.com/tournament.php?q=483&tournament=NanYang%20China%20Qualifiers","NanYang China Qualifiers","","","http://www.datdota.com/team.php?q=1903&team=CDEC.Y","CDEC.Y","","http://www.datdota.com/team.php?q=1102&team=Nb","Nb","","RADIANT","UB Quarterfinals","1","25.52","32; -11"
"http://www.datdota.com/match.php?q=1802056620","1802056620","","09/18/15","http://www.datdota.com/tournament.php?q=476&tournament=ESL%20One%20NY%202015%20China%20Qualifiers","ESL One NY 2015 China Qualifiers","","","http://www.datdota.com/team.php?q=1102&team=Nb","Nb","","http://www.datdota.com/team.php?q=1904&team=FTD.A","FTD.A","","RADIANT","Round of 16","2","38.7","30; -19"
"http://www.datdota.com/match.php?q=1801832672","1801832672","","09/18/15","http://www.datdota.com/tournament.php?q=476&tournament=ESL%20One%20NY%202015%20China%20Qualifiers","ESL One NY 2015 China Qualifiers","","","http://www.datdota.com/team.php?q=1904&team=FTD.A","FTD.A","","http://www.datdota.com/team.php?q=1102&team=Nb","Nb","","DIRE","Round of 16","1","57.38","36; -42"
"http://www.datdota.com/match.php?q=1684715899","1684715899","","08/03/15","http://www.datdota.com/tournament.php?q=451&tournament=The%20International%202015","The International 2015","","","http://www.datdota.com/team.php?q=917&team=MVP%20Phoenix","MVP Phoenix","","http://www.datdota.com/team.php?q=1102&team=Nb","Nb","","RADIANT","LB Round of 32","1","40.25","36; -24"
"http://www.datdota.com/match.php?q=1673628179","1673628179","","07/30/15","http://www.datdota.com/tournament.php?q=451&tournament=The%20International%202015","The International 2015","","","http://www.datdota.com/team.php?q=1102&team=Nb","Nb","","http://www.datdota.com/team.php?q=788&team=MVP%20HOT6","MVP HOT6","","RADIANT","Group Stage","2","55.52","35; -44"
"http://www.datdota.com/match.php?q=1673558412","1673558412","","07/30/15","http://www.datdota.com/tournament.php?q=451&tournament=The%20International%202015","The International 2015","","","http://www.datdota.com/team.php?q=1102&team=Nb","Nb","","http://www.datdota.com/team.php?q=788&team=MVP%20HOT6","MVP HOT6","","DIRE","Group Stage","1","30.65","12; -31"
"http://www.datdota.com/match.php?q=1673447710","1673447710","","07/30/15","http://www.datdota.com/tournament.php?q=451&tournament=The%20International%202015","The International 2015","","","http://www.datdota.com/team.php?q=1102&team=Nb","Nb","","http://www.datdota.com/team.php?q=240&team=VG","VG","","DIRE","Group Stage","2","30.93","8; -31"
"http://www.datdota.com/match.php?q=1673341849","1673341849","","07/30/15","http://www.datdota.com/tournament.php?q=451&tournament=The%20International%202015","The International 2015","","","http://www.datdota.com/team.php?q=1102&team=Nb","Nb","","http://www.datdota.com/team.php?q=240&team=VG","VG","","RADIANT","Group Stage","1","41.13","36; -14"
"http://www.datdota.com/match.php?q=1671265441","1671265441","","07/29/15","http://www.datdota.com/tournament.php?q=451&tournament=The%20International%202015","The International 2015","","","http://www.datdota.com/team.php?q=1102&team=Nb","Nb","","http://www.datdota.com/team.php?q=1242&team=CDEC","CDEC","","DIRE","Group Stage","2","35.92","6; -33"
"http://www.datdota.com/match.php?q=1671210956","1671210956","","07/29/15","http://www.datdota.com/tournament.php?q=451&tournament=The%20International%202015","The International 2015","","","http://www.datdota.com/team.php?q=1102&team=Nb","Nb","","http://www.datdota.com/team.php?q=1242&team=CDEC","CDEC","","DIRE","Group Stage","1","32.83","10; -23"
"http://www.datdota.com/match.php?q=1671129267","1671129267","","07/29/15","http://www.datdota.com/tournament.php?q=451&tournament=The%20International%202015","The International 2015","","","http://www.datdota.com/team.php?q=29&team=Empire","Empire","","http://www.datdota.com/team.php?q=1102&team=Nb","Nb","","RADIANT","Group Stage","2","46.48","35; -29"
"http://www.datdota.com/match.php?q=1671067751","1671067751","","07/29/15","http://www.datdota.com/tournament.php?q=451&tournament=The%20International%202015","The International 2015","","","http://www.datdota.com/team.php?q=1102&team=Nb","Nb","","http://www.datdota.com/team.php?q=29&team=Empire","Empire","","RADIANT","Group Stage","1","30.9","38; -11"
"http://www.datdota.com/match.php?q=1668613457","1668613457","","07/28/15","http://www.datdota.com/tournament.php?q=451&tournament=The%20International%202015","The International 2015","","","http://www.datdota.com/team.php?q=1102&team=Nb","Nb","","http://www.datdota.com/team.php?q=2&team=EHOME","EHOME","","RADIANT","Group Stage","2","26.63","28; -14"
"http://www.datdota.com/match.php?q=1668556845","1668556845","","07/28/15","http://www.datdota.com/tournament.php?q=451&tournament=The%20International%202015","The International 2015","","","http://www.datdota.com/team.php?q=2&team=EHOME","EHOME","","http://www.datdota.com/team.php?q=1102&team=Nb","Nb","","RADIANT","Group Stage","1","38.92","24; -10"
"http://www.datdota.com/match.php?q=1666286219","1666286219","","07/27/15","http://www.datdota.com/tournament.php?q=451&tournament=The%20International%202015","The International 2015","","","http://www.datdota.com/team.php?q=66&team=EG","EG","","http://www.datdota.com/team.php?q=1102&team=Nb","Nb","","RADIANT","Group Stage","2","45.18","28; -19"
"http://www.datdota.com/match.php?q=1666238587","1666238587","","07/27/15","http://www.datdota.com/tournament.php?q=451&tournament=The%20International%202015","The International 2015","","","http://www.datdota.com/team.php?q=66&team=EG","EG","","http://www.datdota.com/team.php?q=1102&team=Nb","Nb","","DIRE","Group Stage","1","32.47","6; -26"
"http://www.datdota.com/match.php?q=1666177296","1666177296","","07/27/15","http://www.datdota.com/tournament.php?q=451&tournament=The%20International%202015","The International 2015","","","http://www.datdota.com/team.php?q=1440&team=VP%202","VP 2","","http://www.datdota.com/team.php?q=1102&team=Nb","Nb","","DIRE","Group Stage","2","33.97","13; -28"
"http://www.datdota.com/match.php?q=1666125998","1666125998","","07/27/15","http://www.datdota.com/tournament.php?q=451&tournament=The%20International%202015","The International 2015","","","http://www.datdota.com/team.php?q=1102&team=Nb","Nb","","http://www.datdota.com/team.php?q=1440&team=VP%202","VP 2","","DIRE","Group Stage","1","35.53","21; -37"
"http://www.datdota.com/match.php?q=1537105026","1537105026","","06/08/15","http://www.datdota.com/tournament.php?q=464&tournament=G-League%202015","G-League 2015","","","http://www.datdota.com/team.php?q=1102&team=Nb","Nb","","http://www.datdota.com/team.php?q=774&team=Team%20HGT","Team HGT","","DIRE","Quarterfinals","3","19.97","3; -25"
"http://www.datdota.com/match.php?q=1536927354","1536927354","","06/08/15","http://www.datdota.com/tournament.php?q=464&tournament=G-League%202015","G-League 2015","","","http://www.datdota.com/team.php?q=774&team=Team%20HGT","Team HGT","","http://www.datdota.com/team.php?q=1102&team=Nb","Nb","","DIRE","Quarterfinals","2","39.12","18; -39"
"http://www.datdota.com/match.php?q=1536774653","1536774653","","06/08/15","http://www.datdota.com/tournament.php?q=464&tournament=G-League%202015","G-League 2015","","","http://www.datdota.com/team.php?q=1102&team=Nb","Nb","","http://www.datdota.com/team.php?q=774&team=Team%20HGT","Team HGT","","DIRE","Quarterfinals","1","29.07","8; -21"
"http://www.datdota.com/match.php?q=1523503949","1523503949","","06/03/15","http://www.datdota.com/tournament.php?q=449&tournament=MarsTV%202015%20Finals","MarsTV 2015 Finals","","","http://www.datdota.com/team.php?q=2&team=EHOME","EHOME","","http://www.datdota.com/team.php?q=1102&team=Nb","Nb","","RADIANT","Group Stage","1","22.3","21; -4"
"http://www.datdota.com/match.php?q=1523286226","1523286226","","06/03/15","http://www.datdota.com/tournament.php?q=449&tournament=MarsTV%202015%20Finals","MarsTV 2015 Finals","","","http://www.datdota.com/team.php?q=1102&team=Nb","Nb","","http://www.datdota.com/team.php?q=1048&team=C9","C9","","RADIANT","Group Stage","1","59.4","40; -18"
"http://www.datdota.com/match.php?q=1523092007","1523092007","","06/02/15","http://www.datdota.com/tournament.php?q=449&tournament=MarsTV%202015%20Finals","MarsTV 2015 Finals","","","http://www.datdota.com/team.php?q=1102&team=Nb","Nb","","http://www.datdota.com/team.php?q=29&team=Empire","Empire","","DIRE","Group Stage","1","33.75","23; -34"
"http://www.datdota.com/match.php?q=1522819385","1522819385","","06/02/15","http://www.datdota.com/tournament.php?q=449&tournament=MarsTV%202015%20Finals","MarsTV 2015 Finals","","","http://www.datdota.com/team.php?q=1102&team=Nb","Nb","","http://www.datdota.com/team.php?q=240&team=VG","VG","","DIRE","Group Stage","1","32.05","11; -21"
"http://www.datdota.com/match.php?q=1492369743","1492369743","","05/22/15","http://www.datdota.com/tournament.php?q=422&tournament=i-League%20Season%203%20Finals","i-League Season 3 Finals","","","http://www.datdota.com/team.php?q=1102&team=Nb","Nb","","http://www.datdota.com/team.php?q=1447&team=Fnatic.MY","Fnatic.MY","","DIRE","LB Semifinals","2","31.42","8; -24"
"http://www.datdota.com/match.php?q=1492285638","1492285638","","05/22/15","http://www.datdota.com/tournament.php?q=422&tournament=i-League%20Season%203%20Finals","i-League Season 3 Finals","","","http://www.datdota.com/team.php?q=1447&team=Fnatic.MY","Fnatic.MY","","http://www.datdota.com/team.php?q=1102&team=Nb","Nb","","RADIANT","LB Semifinals","1","19.4","21; -2"
"http://www.datdota.com/match.php?q=1492101768","1492101768","","05/22/15","http://www.datdota.com/tournament.php?q=422&tournament=i-League%20Season%203%20Finals","i-League Season 3 Finals","","","http://www.datdota.com/team.php?q=1102&team=Nb","Nb","","http://www.datdota.com/team.php?q=5&team=iG","iG","","RADIANT","LB Quarterfinals","2","60.2","42; -32"
"http://www.datdota.com/match.php?q=1491979653","1491979653","","05/22/15","http://www.datdota.com/tournament.php?q=422&tournament=i-League%20Season%203%20Finals","i-League Season 3 Finals","","","http://www.datdota.com/team.php?q=5&team=iG","iG","","http://www.datdota.com/team.php?q=1102&team=Nb","Nb","","DIRE","LB Quarterfinals","1","44.55","4; -26"
"http://www.datdota.com/match.php?q=1488184211","1488184211","","05/20/15","http://www.datdota.com/tournament.php?q=422&tournament=i-League%20Season%203%20Finals","i-League Season 3 Finals","","","http://www.datdota.com/team.php?q=1102&team=Nb","Nb","","http://www.datdota.com/team.php?q=14&team=LGD.cn","LGD.cn","","DIRE","UB Semifinals","3","30.05","16; -22"
"http://www.datdota.com/match.php?q=1488021433","1488021433","","05/20/15","http://www.datdota.com/tournament.php?q=422&tournament=i-League%20Season%203%20Finals","i-League Season 3 Finals","","","http://www.datdota.com/team.php?q=1102&team=Nb","Nb","","http://www.datdota.com/team.php?q=14&team=LGD.cn","LGD.cn","","DIRE","UB Semifinals","2","41.92","17; -29"
"http://www.datdota.com/match.php?q=1487849633","1487849633","","05/20/15","http://www.datdota.com/tournament.php?q=422&tournament=i-League%20Season%203%20Finals","i-League Season 3 Finals","","","http://www.datdota.com/team.php?q=14&team=LGD.cn","LGD.cn","","http://www.datdota.com/team.php?q=1102&team=Nb","Nb","","DIRE","UB Semifinals","1","43.25","18; -39"
"http://www.datdota.com/match.php?q=1487380361","1487380361","","05/20/15","http://www.datdota.com/tournament.php?q=422&tournament=i-League%20Season%203%20Finals","i-League Season 3 Finals","","","http://www.datdota.com/team.php?q=1102&team=Nb","Nb","","http://www.datdota.com/team.php?q=1447&team=Fnatic.MY","Fnatic.MY","","RADIANT","UB Quarterfinals","2","55.82","44; -27"
"http://www.datdota.com/match.php?q=1487257370","1487257370","","05/20/15","http://www.datdota.com/tournament.php?q=422&tournament=i-League%20Season%203%20Finals","i-League Season 3 Finals","","","http://www.datdota.com/team.php?q=1447&team=Fnatic.MY","Fnatic.MY","","http://www.datdota.com/team.php?q=1102&team=Nb","Nb","","DIRE","UB Quarterfinals","1","51.72","20; -32"
"http://www.datdota.com/match.php?q=1485324630","1485324630","","05/19/15","http://www.datdota.com/tournament.php?q=437&tournament=WCA%202015%20China%20Qualifiers%20Prelims","WCA 2015 China Qualifiers Prelims","","","http://www.datdota.com/team.php?q=1760&team=Newbee.M","Newbee.M","","http://www.datdota.com/team.php?q=1102&team=Nb","Nb","","DIRE","Group Stage","2","35.23","23; -35"
"http://www.datdota.com/match.php?q=1485201662","1485201662","","05/19/15","http://www.datdota.com/tournament.php?q=437&tournament=WCA%202015%20China%20Qualifiers%20Prelims","WCA 2015 China Qualifiers Prelims","","","http://www.datdota.com/team.php?q=1102&team=Nb","Nb","","http://www.datdota.com/team.php?q=1760&team=Newbee.M","Newbee.M","","RADIANT","Group Stage","1","28.63","41; -16"
"http://www.datdota.com/match.php?q=1483467242","1483467242","","05/18/15","http://www.datdota.com/tournament.php?q=448&tournament=MarsTV%202015%20China%20Qualifiers","MarsTV 2015 China Qualifiers","","","http://www.datdota.com/team.php?q=1102&team=Nb","Nb","","http://www.datdota.com/team.php?q=1242&team=CDEC","CDEC","","DIRE","Tiebreaker","1","53.4","25; -40"
"http://www.datdota.com/match.php?q=1483245611","1483245611","","05/18/15","http://www.datdota.com/tournament.php?q=448&tournament=MarsTV%202015%20China%20Qualifiers","MarsTV 2015 China Qualifiers","","","http://www.datdota.com/team.php?q=1242&team=CDEC","CDEC","","http://www.datdota.com/team.php?q=1102&team=Nb","Nb","","RADIANT","Group Stage","2","39.22","23; -14"
"http://www.datdota.com/match.php?q=1483096140","1483096140","","05/18/15","http://www.datdota.com/tournament.php?q=448&tournament=MarsTV%202015%20China%20Qualifiers","MarsTV 2015 China Qualifiers","","","http://www.datdota.com/team.php?q=1102&team=Nb","Nb","","http://www.datdota.com/team.php?q=1242&team=CDEC","CDEC","","RADIANT","Group Stage","1","39.33","27; -14"
"http://www.datdota.com/match.php?q=1482559328","1482559328","","05/18/15","http://www.datdota.com/tournament.php?q=448&tournament=MarsTV%202015%20China%20Qualifiers","MarsTV 2015 China Qualifiers","","","http://www.datdota.com/team.php?q=158&team=TongFu","TongFu","","http://www.datdota.com/team.php?q=1102&team=Nb","Nb","","DIRE","Group Stage","2","36.37","10; -22"
"http://www.datdota.com/match.php?q=1482469458","1482469458","","05/17/15","http://www.datdota.com/tournament.php?q=448&tournament=MarsTV%202015%20China%20Qualifiers","MarsTV 2015 China Qualifiers","","","http://www.datdota.com/team.php?q=1102&team=Nb","Nb","","http://www.datdota.com/team.php?q=158&team=TongFu","TongFu","","RADIANT","Group Stage","1","37.7","20; -12"
"http://www.datdota.com/match.php?q=1474922195","1474922195","","05/15/15","http://www.datdota.com/tournament.php?q=448&tournament=MarsTV%202015%20China%20Qualifiers","MarsTV 2015 China Qualifiers","","","http://www.datdota.com/team.php?q=55&team=DK","DK","","http://www.datdota.com/team.php?q=1102&team=Nb","Nb","","DIRE","Group Stage","2","22.15","6; -19"
"http://www.datdota.com/match.php?q=1474781772","1474781772","","05/15/15","http://www.datdota.com/tournament.php?q=448&tournament=MarsTV%202015%20China%20Qualifiers","MarsTV 2015 China Qualifiers","","","http://www.datdota.com/team.php?q=1102&team=Nb","Nb","","http://www.datdota.com/team.php?q=55&team=DK","DK","","RADIANT","Group Stage","1","31.45","30; -15"
"http://www.datdota.com/match.php?q=1472655640","1472655640","","05/14/15","http://www.datdota.com/tournament.php?q=448&tournament=MarsTV%202015%20China%20Qualifiers","MarsTV 2015 China Qualifiers","","","http://www.datdota.com/team.php?q=2&team=EHOME","EHOME","","http://www.datdota.com/team.php?q=1102&team=Nb","Nb","","RADIANT","Group Stage","2","51.13","22; -33"
"http://www.datdota.com/match.php?q=1472447125","1472447125","","05/14/15","http://www.datdota.com/tournament.php?q=448&tournament=MarsTV%202015%20China%20Qualifiers","MarsTV 2015 China Qualifiers","","","http://www.datdota.com/team.php?q=1102&team=Nb","Nb","","http://www.datdota.com/team.php?q=2&team=EHOME","EHOME","","DIRE","Group Stage","1","57","21; -29"
"http://www.datdota.com/match.php?q=1465656073","1465656073","","05/11/15","http://www.datdota.com/tournament.php?q=426&tournament=i-League%20Season%203%20China%20Qualifiers","i-League Season 3 China Qualifiers","","","http://www.datdota.com/team.php?q=1102&team=Nb","Nb","","http://www.datdota.com/team.php?q=55&team=DK","DK","","RADIANT","Group Stage","2","25.57","33; -12"
"http://www.datdota.com/match.php?q=1465499153","1465499153","","05/11/15","http://www.datdota.com/tournament.php?q=426&tournament=i-League%20Season%203%20China%20Qualifiers","i-League Season 3 China Qualifiers","","","http://www.datdota.com/team.php?q=55&team=DK","DK","","http://www.datdota.com/team.php?q=1102&team=Nb","Nb","","DIRE","Group Stage","1","36.85","8; -25"
"http://www.datdota.com/match.php?q=1465255270","1465255270","","05/11/15","http://www.datdota.com/tournament.php?q=426&tournament=i-League%20Season%203%20China%20Qualifiers","i-League Season 3 China Qualifiers","","","http://www.datdota.com/team.php?q=158&team=TongFu","TongFu","","http://www.datdota.com/team.php?q=1102&team=Nb","Nb","","DIRE","Group Stage","2","67.93","24; -37"
"http://www.datdota.com/match.php?q=1465128946","1465128946","","05/11/15","http://www.datdota.com/tournament.php?q=426&tournament=i-League%20Season%203%20China%20Qualifiers","i-League Season 3 China Qualifiers","","","http://www.datdota.com/team.php?q=1102&team=Nb","Nb","","http://www.datdota.com/team.php?q=158&team=TongFu","TongFu","","RADIANT","Group Stage","1","31.57","31; -14"
"http://www.datdota.com/match.php?q=1460112911","1460112911","","05/09/15","http://www.datdota.com/tournament.php?q=448&tournament=MarsTV%202015%20China%20Qualifiers","MarsTV 2015 China Qualifiers","","","http://www.datdota.com/team.php?q=14&team=LGD.cn","LGD.cn","","http://www.datdota.com/team.php?q=1102&team=Nb","Nb","","DIRE","Group Stage","2","19.33","5; -16"
"http://www.datdota.com/match.php?q=1459920962","1459920962","","05/09/15","http://www.datdota.com/tournament.php?q=448&tournament=MarsTV%202015%20China%20Qualifiers","MarsTV 2015 China Qualifiers","","","http://www.datdota.com/team.php?q=1102&team=Nb","Nb","","http://www.datdota.com/team.php?q=14&team=LGD.cn","LGD.cn","","DIRE","Group Stage","1","48.92","33; -35"
"http://www.datdota.com/match.php?q=1456929310","1456929310","","05/08/15","http://www.datdota.com/tournament.php?q=448&tournament=MarsTV%202015%20China%20Qualifiers","MarsTV 2015 China Qualifiers","","","http://www.datdota.com/team.php?q=1102&team=Nb","Nb","","http://www.datdota.com/team.php?q=774&team=Team%20HGT","Team HGT","","DIRE","Group Stage","2","46.65","13; -24"
"http://www.datdota.com/match.php?q=1456723721","1456723721","","05/08/15","http://www.datdota.com/tournament.php?q=448&tournament=MarsTV%202015%20China%20Qualifiers","MarsTV 2015 China Qualifiers","","","http://www.datdota.com/team.php?q=774&team=Team%20HGT","Team HGT","","http://www.datdota.com/team.php?q=1102&team=Nb","Nb","","RADIANT","Group Stage","1","60.7","34; -24"
"http://www.datdota.com/match.php?q=1444779738","1444779738","","05/03/15","http://www.datdota.com/tournament.php?q=426&tournament=i-League%20Season%203%20China%20Qualifiers","i-League Season 3 China Qualifiers","","","http://www.datdota.com/team.php?q=1102&team=Nb","Nb","","http://www.datdota.com/team.php?q=1426&team=DG","DG","","RADIANT","Group Stage","2","25.75","21; -6"
"http://www.datdota.com/match.php?q=1444573475","1444573475","","05/03/15","http://www.datdota.com/tournament.php?q=426&tournament=i-League%20Season%203%20China%20Qualifiers","i-League Season 3 China Qualifiers","","","http://www.datdota.com/team.php?q=1426&team=DG","DG","","http://www.datdota.com/team.php?q=1102&team=Nb","Nb","","DIRE","Group Stage","1","44.93","12; -12"
"http://www.datdota.com/match.php?q=1444137725","1444137725","","05/03/15","http://www.datdota.com/tournament.php?q=426&tournament=i-League%20Season%203%20China%20Qualifiers","i-League Season 3 China Qualifiers","","","http://www.datdota.com/team.php?q=1102&team=Nb","Nb","","http://www.datdota.com/team.php?q=1488&team=Newbee.Y","Newbee.Y","","RADIANT","Group Stage","2","39.67","39; -25"
"http://www.datdota.com/match.php?q=1443982046","1443982046","","05/03/15","http://www.datdota.com/tournament.php?q=426&tournament=i-League%20Season%203%20China%20Qualifiers","i-League Season 3 China Qualifiers","","","http://www.datdota.com/team.php?q=1488&team=Newbee.Y","Newbee.Y","","http://www.datdota.com/team.php?q=1102&team=Nb","Nb","","DIRE","Group Stage","1","40.67","15; -36"
"http://www.datdota.com/match.php?q=1434289074","1434289074","","04/30/15","http://www.datdota.com/tournament.php?q=426&tournament=i-League%20Season%203%20China%20Qualifiers","i-League Season 3 China Qualifiers","","","http://www.datdota.com/team.php?q=1102&team=Nb","Nb","","http://www.datdota.com/team.php?q=240&team=VG","VG","","DIRE","Group Stage","2","27.6","21; -39"
"http://www.datdota.com/match.php?q=1434178118","1434178118","","04/30/15","http://www.datdota.com/tournament.php?q=426&tournament=i-League%20Season%203%20China%20Qualifiers","i-League Season 3 China Qualifiers","","","http://www.datdota.com/team.php?q=240&team=VG","VG","","http://www.datdota.com/team.php?q=1102&team=Nb","Nb","","RADIANT","Group Stage","1","27.38","24; -15"
"http://www.datdota.com/match.php?q=1432120246","1432120246","","04/29/15","http://www.datdota.com/tournament.php?q=437&tournament=WCA%202015%20China%20Qualifiers%20Prelims","WCA 2015 China Qualifiers Prelims","","","http://www.datdota.com/team.php?q=240&team=VG","VG","","http://www.datdota.com/team.php?q=1102&team=Nb","Nb","","RADIANT","Group Stage","3","29.2","33; -20"
"http://www.datdota.com/match.php?q=1431996178","1431996178","","04/29/15","http://www.datdota.com/tournament.php?q=437&tournament=WCA%202015%20China%20Qualifiers%20Prelims","WCA 2015 China Qualifiers Prelims","","","http://www.datdota.com/team.php?q=1102&team=Nb","Nb","","http://www.datdota.com/team.php?q=240&team=VG","VG","","DIRE","Group Stage","2","30.33","17; -25"
"http://www.datdota.com/match.php?q=1431862578","1431862578","","04/29/15","http://www.datdota.com/tournament.php?q=437&tournament=WCA%202015%20China%20Qualifiers%20Prelims","WCA 2015 China Qualifiers Prelims","","","http://www.datdota.com/team.php?q=1102&team=Nb","Nb","","http://www.datdota.com/team.php?q=240&team=VG","VG","","RADIANT","Group Stage","1","47.3","47; -41"
"http://www.datdota.com/match.php?q=1430261987","1430261987","","04/28/15","http://www.datdota.com/tournament.php?q=426&tournament=i-League%20Season%203%20China%20Qualifiers","i-League Season 3 China Qualifiers","","","http://www.datdota.com/team.php?q=1102&team=Nb","Nb","","http://www.datdota.com/team.php?q=775&team=TongFu.WZ","TongFu.WZ","","RADIANT","Group Stage","2","46.18","47; -24"
"http://www.datdota.com/match.php?q=1430045419","1430045419","","04/28/15","http://www.datdota.com/tournament.php?q=426&tournament=i-League%20Season%203%20China%20Qualifiers","i-League Season 3 China Qualifiers","","","http://www.datdota.com/team.php?q=775&team=TongFu.WZ","TongFu.WZ","","http://www.datdota.com/team.php?q=1102&team=Nb","Nb","","DIRE","Group Stage","1","47.05","15; -38"
"http://www.datdota.com/match.php?q=1423467148","1423467148","","04/25/15","http://www.datdota.com/tournament.php?q=426&tournament=i-League%20Season%203%20China%20Qualifiers","i-League Season 3 China Qualifiers","","","http://www.datdota.com/team.php?q=1102&team=Nb","Nb","","http://www.datdota.com/team.php?q=774&team=Team%20HGT","Team HGT","","RADIANT","Group Stage","2","45.73","31; -23"
"http://www.datdota.com/match.php?q=1423288554","1423288554","","04/25/15","http://www.datdota.com/tournament.php?q=426&tournament=i-League%20Season%203%20China%20Qualifiers","i-League Season 3 China Qualifiers","","","http://www.datdota.com/team.php?q=774&team=Team%20HGT","Team HGT","","http://www.datdota.com/team.php?q=1102&team=Nb","Nb","","RADIANT","Group Stage","1","25.48","27; -11"
"http://www.datdota.com/match.php?q=1416564199","1416564199","","04/22/15","http://www.datdota.com/tournament.php?q=429&tournament=ESL%20One%20Frankfurt%202015%20China%20Qualifiers","ESL One Frankfurt 2015 China Qualifiers","","","http://www.datdota.com/team.php?q=5&team=iG","iG","","http://www.datdota.com/team.php?q=1102&team=Nb","Nb","","RADIANT","Finals","2","37.88","23; -8"
"http://www.datdota.com/match.php?q=1416377444","1416377444","","04/22/15","http://www.datdota.com/tournament.php?q=429&tournament=ESL%20One%20Frankfurt%202015%20China%20Qualifiers","ESL One Frankfurt 2015 China Qualifiers","","","http://www.datdota.com/team.php?q=1102&team=Nb","Nb","","http://www.datdota.com/team.php?q=5&team=iG","iG","","DIRE","Finals","1","53.55","19; -34"
"http://www.datdota.com/match.php?q=1412181660","1412181660","","04/20/15","http://www.datdota.com/tournament.php?q=429&tournament=ESL%20One%20Frankfurt%202015%20China%20Qualifiers","ESL One Frankfurt 2015 China Qualifiers","","","http://www.datdota.com/team.php?q=2&team=EHOME","EHOME","","http://www.datdota.com/team.php?q=1102&team=Nb","Nb","","DIRE","Semifinals","2","26.6","7; -22"
"http://www.datdota.com/match.php?q=1412039264","1412039264","","04/20/15","http://www.datdota.com/tournament.php?q=429&tournament=ESL%20One%20Frankfurt%202015%20China%20Qualifiers","ESL One Frankfurt 2015 China Qualifiers","","","http://www.datdota.com/team.php?q=1102&team=Nb","Nb","","http://www.datdota.com/team.php?q=2&team=EHOME","EHOME","","RADIANT","Semifinals","1","33.27","31; -15"
"http://www.datdota.com/match.php?q=1410239052","1410239052","","04/19/15","http://www.datdota.com/tournament.php?q=429&tournament=ESL%20One%20Frankfurt%202015%20China%20Qualifiers","ESL One Frankfurt 2015 China Qualifiers","","","http://www.datdota.com/team.php?q=1102&team=Nb","Nb","","http://www.datdota.com/team.php?q=1655&team=EP","EP","","RADIANT","Quarterfinals","3","29.15","26; -14"
"http://www.datdota.com/match.php?q=1410112449","1410112449","","04/19/15","http://www.datdota.com/tournament.php?q=429&tournament=ESL%20One%20Frankfurt%202015%20China%20Qualifiers","ESL One Frankfurt 2015 China Qualifiers","","","http://www.datdota.com/team.php?q=1655&team=EP","EP","","http://www.datdota.com/team.php?q=1102&team=Nb","Nb","","DIRE","Quarterfinals","2","33.15","4; -15"
"http://www.datdota.com/match.php?q=1409836399","1409836399","","04/19/15","http://www.datdota.com/tournament.php?q=429&tournament=ESL%20One%20Frankfurt%202015%20China%20Qualifiers","ESL One Frankfurt 2015 China Qualifiers","","","http://www.datdota.com/team.php?q=1102&team=Nb","Nb","","http://www.datdota.com/team.php?q=1655&team=EP","EP","","DIRE","Quarterfinals","1","85.38","52; -41"
"http://www.datdota.com/match.php?q=1397426034","1397426034","","04/14/15","http://www.datdota.com/tournament.php?q=418&tournament=VPGame%20Pro%20League","VPGame Pro League","","","http://www.datdota.com/team.php?q=1102&team=Nb","Nb","","http://www.datdota.com/team.php?q=1488&team=Newbee.Y","Newbee.Y","","DIRE","LB Round of 16","1","21.18","8; -22"
"http://www.datdota.com/match.php?q=1395844472","1395844472","","04/13/15","http://www.datdota.com/tournament.php?q=418&tournament=VPGame%20Pro%20League","VPGame Pro League","","","http://www.datdota.com/team.php?q=1242&team=CDEC","CDEC","","http://www.datdota.com/team.php?q=1102&team=Nb","Nb","","RADIANT","UB Quarterfinals","3","53.27","23; -17"
"http://www.datdota.com/match.php?q=1395694493","1395694493","","04/13/15","http://www.datdota.com/tournament.php?q=418&tournament=VPGame%20Pro%20League","VPGame Pro League","","","http://www.datdota.com/team.php?q=1102&team=Nb","Nb","","http://www.datdota.com/team.php?q=1242&team=CDEC","CDEC","","DIRE","UB Quarterfinals","2","47.57","14; -34"
"http://www.datdota.com/match.php?q=1395546722","1395546722","","04/13/15","http://www.datdota.com/tournament.php?q=418&tournament=VPGame%20Pro%20League","VPGame Pro League","","","http://www.datdota.com/team.php?q=1242&team=CDEC","CDEC","","http://www.datdota.com/team.php?q=1102&team=Nb","Nb","","DIRE","UB Quarterfinals","1","49.58","23; -39"
"http://www.datdota.com/match.php?q=1395382225","1395382225","","04/13/15","http://www.datdota.com/tournament.php?q=432&tournament=Red%20Bull%20Battle%20Grounds%20China%20Qualifiers","Red Bull Battle Grounds China Qualifiers","","","http://www.datdota.com/team.php?q=1102&team=Nb","Nb","","http://www.datdota.com/team.php?q=5&team=iG","iG","","DIRE","LB Finals","1","62.37","13; -29"
"http://www.datdota.com/match.php?q=1395205813","1395205813","","04/13/15","http://www.datdota.com/tournament.php?q=432&tournament=Red%20Bull%20Battle%20Grounds%20China%20Qualifiers","Red Bull Battle Grounds China Qualifiers","","","http://www.datdota.com/team.php?q=1102&team=Nb","Nb","","http://www.datdota.com/team.php?q=14&team=LGD.cn","LGD.cn","","DIRE","UB Finals","1","34.2","16; -27"
"http://www.datdota.com/match.php?q=1395020059","1395020059","","04/12/15","http://www.datdota.com/tournament.php?q=432&tournament=Red%20Bull%20Battle%20Grounds%20China%20Qualifiers","Red Bull Battle Grounds China Qualifiers","","","http://www.datdota.com/team.php?q=1102&team=Nb","Nb","","http://www.datdota.com/team.php?q=2&team=EHOME","EHOME","","RADIANT","UB Semifinals","1","42.38","23; -7"
"http://www.datdota.com/match.php?q=1383191461","1383191461","","04/08/15","http://www.datdota.com/tournament.php?q=406&tournament=The%20Summit%203:%20China%20Qualifiers","The Summit 3: China Qualifiers","","","http://www.datdota.com/team.php?q=1102&team=Nb","Nb","","http://www.datdota.com/team.php?q=5&team=iG","iG","","DIRE","LB Quarterfinals","2","35.43","12; -28"
"http://www.datdota.com/match.php?q=1383098649","1383098649","","04/08/15","http://www.datdota.com/tournament.php?q=406&tournament=The%20Summit%203:%20China%20Qualifiers","The Summit 3: China Qualifiers","","","http://www.datdota.com/team.php?q=1102&team=Nb","Nb","","http://www.datdota.com/team.php?q=5&team=iG","iG","","DIRE","LB Quarterfinals","1","29.12","10; -22"
"http://www.datdota.com/match.php?q=1378748302","1378748302","","04/06/15","http://www.datdota.com/tournament.php?q=406&tournament=The%20Summit%203:%20China%20Qualifiers","The Summit 3: China Qualifiers","","","http://www.datdota.com/team.php?q=1242&team=CDEC","CDEC","","http://www.datdota.com/team.php?q=1102&team=Nb","Nb","","DIRE","LB Round of 16","2","16.83","3; -13"
"http://www.datdota.com/match.php?q=1378653789","1378653789","","04/06/15","http://www.datdota.com/tournament.php?q=406&tournament=The%20Summit%203:%20China%20Qualifiers","The Summit 3: China Qualifiers","","","http://www.datdota.com/team.php?q=1102&team=Nb","Nb","","http://www.datdota.com/team.php?q=1242&team=CDEC","CDEC","","RADIANT","LB Round of 16","1","26.17","25; -8"
"http://www.datdota.com/match.php?q=1376322049","1376322049","","04/05/15","http://www.datdota.com/tournament.php?q=406&tournament=The%20Summit%203:%20China%20Qualifiers","The Summit 3: China Qualifiers","","","http://www.datdota.com/team.php?q=774&team=Team%20HGT","Team HGT","","http://www.datdota.com/team.php?q=1102&team=Nb","Nb","","RADIANT","UB Quarterfinals","3","25.17","21; -8"
"http://www.datdota.com/match.php?q=1376177782","1376177782","","04/05/15","http://www.datdota.com/tournament.php?q=406&tournament=The%20Summit%203:%20China%20Qualifiers","The Summit 3: China Qualifiers","","","http://www.datdota.com/team.php?q=1102&team=Nb","Nb","","http://www.datdota.com/team.php?q=774&team=Team%20HGT","Team HGT","","DIRE","UB Quarterfinals","2","42.27","19; -34"
"http://www.datdota.com/match.php?q=1376034500","1376034500","","04/05/15","http://www.datdota.com/tournament.php?q=406&tournament=The%20Summit%203:%20China%20Qualifiers","The Summit 3: China Qualifiers","","","http://www.datdota.com/team.php?q=774&team=Team%20HGT","Team HGT","","http://www.datdota.com/team.php?q=1102&team=Nb","Nb","","DIRE","UB Quarterfinals","1","40.53","15; -33"
"http://www.datdota.com/match.php?q=1355499065","1355499065","","03/28/15","http://www.datdota.com/tournament.php?q=415&tournament=D2CL%205%20China%20Qualifiers","D2CL 5 China Qualifiers","","","http://www.datdota.com/team.php?q=1102&team=Nb","Nb","","http://www.datdota.com/team.php?q=5&team=iG","iG","","DIRE","Group Stage","2","15.97","4; -17"
"http://www.datdota.com/match.php?q=1355390742","1355390742","","03/28/15","http://www.datdota.com/tournament.php?q=415&tournament=D2CL%205%20China%20Qualifiers","D2CL 5 China Qualifiers","","","http://www.datdota.com/team.php?q=5&team=iG","iG","","http://www.datdota.com/team.php?q=1102&team=Nb","Nb","","DIRE","Group Stage","1","29.18","6; -23"
"http://www.datdota.com/match.php?q=1355219205","1355219205","","03/28/15","http://www.datdota.com/tournament.php?q=415&tournament=D2CL%205%20China%20Qualifiers","D2CL 5 China Qualifiers","","","http://www.datdota.com/team.php?q=14&team=LGD.cn","LGD.cn","","http://www.datdota.com/team.php?q=1102&team=Nb","Nb","","DIRE","Group Stage","2","53.62","36; -42"
"http://www.datdota.com/match.php?q=1355092382","1355092382","","03/28/15","http://www.datdota.com/tournament.php?q=415&tournament=D2CL%205%20China%20Qualifiers","D2CL 5 China Qualifiers","","","http://www.datdota.com/team.php?q=1102&team=Nb","Nb","","http://www.datdota.com/team.php?q=14&team=LGD.cn","LGD.cn","","DIRE","Group Stage","1","37.48","16; -19"
"http://www.datdota.com/match.php?q=1353169537","1353169537","","03/27/15","http://www.datdota.com/tournament.php?q=415&tournament=D2CL%205%20China%20Qualifiers","D2CL 5 China Qualifiers","","","http://www.datdota.com/team.php?q=1102&team=Nb","Nb","","http://www.datdota.com/team.php?q=2&team=EHOME","EHOME","","RADIANT","Group Stage","2","30.12","30; -24"
"http://www.datdota.com/match.php?q=1353011514","1353011514","","03/27/15","http://www.datdota.com/tournament.php?q=415&tournament=D2CL%205%20China%20Qualifiers","D2CL 5 China Qualifiers","","","http://www.datdota.com/team.php?q=2&team=EHOME","EHOME","","http://www.datdota.com/team.php?q=1102&team=Nb","Nb","","RADIANT","Group Stage","1","36.17","27; -11"
"http://www.datdota.com/match.php?q=1350208283","1350208283","","03/26/15","http://www.datdota.com/tournament.php?q=415&tournament=D2CL%205%20China%20Qualifiers","D2CL 5 China Qualifiers","","","http://www.datdota.com/team.php?q=1102&team=Nb","Nb","","http://www.datdota.com/team.php?q=1750&team=VG.P","VG.P","","DIRE","Group Stage","2","52.05","21; -39"
"http://www.datdota.com/match.php?q=1350062784","1350062784","","03/26/15","http://www.datdota.com/tournament.php?q=415&tournament=D2CL%205%20China%20Qualifiers","D2CL 5 China Qualifiers","","","http://www.datdota.com/team.php?q=1750&team=VG.P","VG.P","","http://www.datdota.com/team.php?q=1102&team=Nb","Nb","","RADIANT","Group Stage","1","48.9","29; -23"
"http://www.datdota.com/match.php?q=1347548587","1347548587","","03/25/15","http://www.datdota.com/tournament.php?q=412&tournament=StarSeries%2012%20China%20Qualifiers","StarSeries 12 China Qualifiers","","","http://www.datdota.com/team.php?q=240&team=VG","VG","","http://www.datdota.com/team.php?q=1102&team=Nb","Nb","","RADIANT","LB Semifinals","2","30.72","29; -16"
"http://www.datdota.com/match.php?q=1347435191","1347435191","","03/25/15","http://www.datdota.com/tournament.php?q=412&tournament=StarSeries%2012%20China%20Qualifiers","StarSeries 12 China Qualifiers","","","http://www.datdota.com/team.php?q=1102&team=Nb","Nb","","http://www.datdota.com/team.php?q=240&team=VG","VG","","DIRE","LB Semifinals","1","31.65","14; -29"
"http://www.datdota.com/match.php?q=1345530304","1345530304","","03/24/15","http://www.datdota.com/tournament.php?q=412&tournament=StarSeries%2012%20China%20Qualifiers","StarSeries 12 China Qualifiers","","","http://www.datdota.com/team.php?q=1102&team=Nb","Nb","","http://www.datdota.com/team.php?q=5&team=iG","iG","","DIRE","UB Semifinals","2","62.62","42; -35"
"http://www.datdota.com/match.php?q=1345318091","1345318091","","03/24/15","http://www.datdota.com/tournament.php?q=412&tournament=StarSeries%2012%20China%20Qualifiers","StarSeries 12 China Qualifiers","","","http://www.datdota.com/team.php?q=5&team=iG","iG","","http://www.datdota.com/team.php?q=1102&team=Nb","Nb","","RADIANT","UB Semifinals","1","65","37; -28"
"http://www.datdota.com/match.php?q=1342304703","1342304703","","03/23/15","http://www.datdota.com/tournament.php?q=415&tournament=D2CL%205%20China%20Qualifiers","D2CL 5 China Qualifiers","","","http://www.datdota.com/team.php?q=1102&team=Nb","Nb","","http://www.datdota.com/team.php?q=240&team=VG","VG","","DIRE","Group Stage","2","23.65","13; -26"
